"Name","Plant","Description","Genbank","References","Cross-reference (EMBL)","EC number","Entry","Entry name","Gene ontology (GO)","Gene ontology IDs","Organism","Organism ID","Protein names","Sequence","align_seq"
"BvUGT73C10","Barbarea vulgaris","triterpenoid glycosyltransferase","JQ291613","Augustin et al., Plant Physiol., 2012,","JQ291613","2.4.1.-","K4GKX2","K4GKX2_BARVU","transferase activity, transferring hexosyl groups [GO:0016758]; metabolic process [GO:0008152]","GO:0008152; GO:0016758","Barbarea vulgaris subsp. arcuata",767412.0,"Glycosyltransferase (EC 2.4.1.-)","MVSEITHKSYPLHFVLFPFMAQGHMIPMVDIARLLAQRGVKITIVTTPHNAARFENVLSRAIESGLPISIVQVKLPSQEAGLPEGNETFDSLVSTKLLVPFFKAVNMLEEPVQKLFEEMSPQPSCIISDFCLPYTSKIAKKFNIPKILFHGMCCFCLLCMHVLRKNREILENLKSDKEHFVVPYFPDRVEFTRPQVPLATYVPGEWHEIKEDMVEADKTSYGVIVNTYQELEPAYANGYKEARSGKAWTIGPVSLCNKVGADKAERGNKADIDQDECLKWLDSKEEGSVLYVCLGSICSLPLSQLKELGLGLEESQRPFIWVVRGWEKNKELLEWFSESGFEERVKDRGLLIKGWSPQMLILAHHSVGGFLTHCGWNSTLEGITSGVPLLTWPLFGDQFCNQKLVVQVLKVGVSAGVEEVTNWGEEEKIGVLVDKEGVKKAVEELMGESDDAKEIRKRVKELGQLAHKAVEEGGSSHSNITSLLEDIMQLAQPNN","---MVSEITHKSYPLHFVLFPFMAQGHMIPMVDIARLLAQR--GVKITIVTTPHNAARFENVLSRAIE-SGLPISIVQVKLPS--Q---EAGLPEGNETFDSLVSTKLLVPFFKAVNMLEEPVQKLF-EEMSPQPSCIISDFCLPYTSKIAKKFNIPKILFHGMCCFCLLCMHVLRKNR---EILENL-----KSDKEHFVVPYFPDR----VEFTRPQVPLAT----------------YVPGEW----HEIKEDMVEADKTSYGVIVNTYQELEP-AYANGYK-EARSGKAWTIGPVSLCNKVGADKA--E--------RGNKADIDQDECLKWLDSKEEGSVLYVCLGSIC-SLPLSQLKELGLGLEESQRPFIWVVRGWEKN---------KELLEWFSESGFEERVK--DRGLLIKGWSPQMLILAHHSVGGFLTHCGWNSTLEGITSGVPLLTWPLFGDQFCNQKLVVQVLKVGVSAGVEEVTNWGEEEKIGVLVDKEGVKKAVEELMGE--SDDAKEIRKRVKELGQLAHKAVEEGGSSHSNITSLLEDIMQLAQPNN--------"
"BvUGT73C11","Barbarea vulgaris","triterpenoid glycosyltransferase","JQ291614","Augustin et al., Plant Physiol., 2012,","JQ291614","2.4.1.-","K4GGT4","K4GGT4_BARVU","transferase activity, transferring hexosyl groups [GO:0016758]; metabolic process [GO:0008152]","GO:0008152; GO:0016758","Barbarea vulgaris subsp. arcuata",767412.0,"Glycosyltransferase (EC 2.4.1.-)","MVSEITHKSYPLHFVLFPFMAQGHMIPMVDIARLLAQRGVKITIVTTPHNAARFENVLSRAIESGLPISIVQVKLPSQEAGLPEGNETFDSLVSMELLVPFFKAVNMLEEPVQKLFEEMSPQPSCIISDFCLPYTSKIAKKFNIPKILFHGMCCFCLLCMHVLRKNREILENLKSDKEHFVVPYFPDRVEFTRPQVPMATYVPGEWHEIKEDIVEADKTSYGVIVNTYQELEPAYANDYKEARSGKAWTIGPVSLCNKVGADKAERGNKADIDQDECLKWLDSKEEGSVLYVCLGSICSLPLSQLKELGLGLEESQRPFIWVVRGWEKNKELLEWFSESGFEERVKDRGLLIKGWSPQMLILAHHSVGGFLTHCGWNSTLEGITSGIPLLTWPLFGDQFCNQKLVVQVLKVGVSAGVEEVTNWGEEEKIGVLVDKEGVKKAVEELMGESDDAKERRKRVKELGQLAQKAVEEGGSSHSNITSLLEDIMQLAQSNN","---MVSEITHKSYPLHFVLFPFMAQGHMIPMVDIARLLAQR--GVKITIVTTPHNAARFENVLSRAIE-SGLPISIVQVKLPS--Q---EAGLPEGNETFDSLVSMELLVPFFKAVNMLEEPVQKLF-EEMSPQPSCIISDFCLPYTSKIAKKFNIPKILFHGMCCFCLLCMHVLRKNR---EILENL-----KSDKEHFVVPYFPDR----VEFTRPQVPMAT----------------YVPGEW----HEIKEDIVEADKTSYGVIVNTYQELEP-AYANDYK-EARSGKAWTIGPVSLCNKVGADKA--E--------RGNKADIDQDECLKWLDSKEEGSVLYVCLGSIC-SLPLSQLKELGLGLEESQRPFIWVVRGWEKN---------KELLEWFSESGFEERVK--DRGLLIKGWSPQMLILAHHSVGGFLTHCGWNSTLEGITSGIPLLTWPLFGDQFCNQKLVVQVLKVGVSAGVEEVTNWGEEEKIGVLVDKEGVKKAVEELMGE--SDDAKERRKRVKELGQLAQKAVEEGGSSHSNITSLLEDIMQLAQSNN--------"
"BvUGT73C12","Barbarea vulgaris","triterpenoid glycosyltransferase","JQ291615","Augustin et al., Plant Physiol., 2012,","JQ291615","2.4.1.-","K4GIP0","K4GIP0_BARVU","transferase activity, transferring hexosyl groups [GO:0016758]; metabolic process [GO:0008152]","GO:0008152; GO:0016758","Barbarea vulgaris subsp. arcuata",767412.0,"Glycosyltransferase (EC 2.4.1.-)","MVSEITHKSYPLHFVLFPFMAQGHMIPMVDIARLLAQRGVKITIVTTPHNAARFKNVLSRAIESGLPISIVQVKLPSQEAGLPEGNETLDSLVSMELMIHFLKAVNMLEEPVQKLFEEMSPQPSCIISDFCLPYTSKIAKKFNIPKILFHGMCCFCLLCMHILRKNREIVENLKSDKEHFVVPYFPDRVEFTRPQVPVATYVPGDWHEITEDMVEADKTSYGVIVNTYQELEPAYANDYKEARSGKAWTIGPVSLCNKVGADKAERGNKADIDQDECLKWLNSKEEGSVLYVCLGSICNLPLSQLKELGLGLEESQRPFIWVIRGWEKNKELHEWFSESGFEERIKDRGLLIKGWAPQMLILSHHSVGGFLTHCGWNSTLEGLTAGLPLLTWPLFADQFCNEKLAVQVLKAGVSAGVDQPMKWGEEEKIGVLVDKEGVKKAVEELMGESDDAKEIRRRAKELGELAHKAVEEGGSSHSNITSLLEDIMQLAQSNN","---MVSEITHKSYPLHFVLFPFMAQGHMIPMVDIARLLAQR--GVKITIVTTPHNAARFKNVLSRAIE-SGLPISIVQVKLPS--Q---EAGLPEGNETLDSLVSMELMIHFLKAVNMLEEPVQKLF-EEMSPQPSCIISDFCLPYTSKIAKKFNIPKILFHGMCCFCLLCMHILRKNR---EIVENL-----KSDKEHFVVPYFPDR----VEFTRPQVPVAT----------------YVPGDW----HEITEDMVEADKTSYGVIVNTYQELEP-AYANDYK-EARSGKAWTIGPVSLCNKVGADKA--E--------RGNKADIDQDECLKWLNSKEEGSVLYVCLGSIC-NLPLSQLKELGLGLEESQRPFIWVIRGWEKN---------KELHEWFSESGFEERIK--DRGLLIKGWAPQMLILSHHSVGGFLTHCGWNSTLEGLTAGLPLLTWPLFADQFCNEKLAVQVLKAGVSAGVDQPMKWGEEEKIGVLVDKEGVKKAVEELMGE--SDDAKEIRRRAKELGELAHKAVEEGGSSHSNITSLLEDIMQLAQSNN--------"
"BvUGT73C13","Barbarea vulgaris","triterpenoid glycosyltransferase","JQ291616","Augustin et al., Plant Physiol., 2012,","JQ291616","2.4.1.-","K4GHS2","K4GHS2_BARVU","transferase activity, transferring hexosyl groups [GO:0016758]; metabolic process [GO:0008152]","GO:0008152; GO:0016758","Barbarea vulgaris subsp. arcuata",767412.0,"Glycosyltransferase (EC 2.4.1.-)","MVSEITHKSYPLHFVLFPFMAQGHMIPMVDIARLLAQRGVKITIVTTPHNAARFENVLNRAIESGLPISIVQVKLPSQEAGLPEGNETFDSLVSMELLVPFFKSVNMLEEPVQKLFEEMSPQPSCIISDFCLPYTSKIAKKFNIPKILFHGMCCFCLLCMHVLRKNHEIVENLKSDKEHFVVPYFPDRVEFTRPQVPVATYVPGDWHEITGDMVEADKTSYGVIVNTCQELEPAYANDYKEARSGKAWTIGPVSLCNKVGADKAERGNKADIDQDECLKWLNSKEEGSVLYVCLGSICNLPLSQLKELGLGLEESQRPFIWVIRGWEKNKELLEWFSESGFEERIKDRGLLIKGWAPQMLILSHHSVGGFLTHCGWNSTLEGLTAGLPLLTWPLFADQFCNEKLAVQVLKAGVSAGVDQPMKWGEEEKIGVLVDKEGVKKAVEELMGESDDAKEIRRRAKELGELAHKAVEEGGSSHSNITSLLEDIMQLAQSNN","---MVSEITHKSYPLHFVLFPFMAQGHMIPMVDIARLLAQR--GVKITIVTTPHNAARFENVLNRAIE-SGLPISIVQVKLPS--Q---EAGLPEGNETFDSLVSMELLVPFFKSVNMLEEPVQKLF-EEMSPQPSCIISDFCLPYTSKIAKKFNIPKILFHGMCCFCLLCMHVLRKNH---EIVENL-----KSDKEHFVVPYFPDR----VEFTRPQVPVAT----------------YVPGDW----HEITGDMVEADKTSYGVIVNTCQELEP-AYANDYK-EARSGKAWTIGPVSLCNKVGADKA--E--------RGNKADIDQDECLKWLNSKEEGSVLYVCLGSIC-NLPLSQLKELGLGLEESQRPFIWVIRGWEKN---------KELLEWFSESGFEERIK--DRGLLIKGWAPQMLILSHHSVGGFLTHCGWNSTLEGLTAGLPLLTWPLFADQFCNEKLAVQVLKAGVSAGVDQPMKWGEEEKIGVLVDKEGVKKAVEELMGE--SDDAKEIRRRAKELGELAHKAVEEGGSSHSNITSLLEDIMQLAQSNN--------"
"GAME1","Solanum lycopersicumÊ","tomatidine-C-3-galactosyltransferase (UGT73L5)","HQ293016","Itkin et al., Plant Cell, 2011,","HQ293016","","E5L3R8","E5L3R8_SOLLC","transferase activity, transferring hexosyl groups [GO:0016758]; metabolic process [GO:0008152]","GO:0008152; GO:0016758","Solanum lycopersicum (Tomato) (Lycopersicon esculentum)",4081.0,"Glycoalkaloid metabolism 1","MAGENLHVLFLPFLSAGHFIPLVNAARLFASRGVKATILTTPHNALLFRSTIEDDVRISGFPISIVTIKFPSAEVGLPEGIESFNSATSPEMPHKVFYALYLLQKPMEDKIRELHPDCIFSDMYYPWTVDLAEELHIPRILYNLSAYMCYSIMHNLKLYRPHKQPDLDESQSFVVPGLPDEIKFKLSQLTEDLRKPEDQKSVFDELLEKVRVSEERSYGIVHDTFYELEPAYINYYQKLKKPKWWHFGPLSHFASKIRSKELITEHNNNDIVVDWLNAQKPKSVLYVSFGSMARFPENQLNEIAQALHASNVPFIFVLRPNEETASWLPVGNFEDKTKKGLFIVGWVPQLTIMEHPATGGFMTHCGTNSVLEANTFGVPMITWPLYADQFYNEKVVEVNGLGIKIGIDVWNDGIEITGPVIGSAKIREAIERLMSSNDSEEIMNIRDRVMAMSKMAQDATDEGGSSWNNLTALIQHIKNFNLN","---------MAGENLHVLFLPFLSAGHFIPLVNAARLFASR--GVKATILTTPHNALLFRSTIEDDVRISGFPISIVTIKFPS--A---EVGLPEGIESFNSATSPEMPHKVFYALYLLQKPMEDKI-REL--HPDCIFSDMYYPWTVDLAEELHIPRILYNLSAYMCYSIMHNLKLYR----PHKQPD----LDESQSFVVPGLPDE----IKFKLSQLTEDL----------------RKPEDQKSVFDELLEKVRVSEERSYGIVHDTFYELEP-AYINYYQ-KLKKPKWWHFGPLSHFASKIRSKE---------LI---TEHNNNDIVVDWLNAQKPKSVLYVSFGSMA-RFPENQLNEIAQALHASNVPFIFVLRPNEE------------TASWLP-VGNFEDKT--KKGLFIVGWVPQLTIMEHPATGGFMTHCGTNSVLEANTFGVPMITWPLYADQFYNEKVV-EVNGLGIKIGIDVWN--DGIEITGPVIGSAKIREAIERLMSSNDSEEIMNIRDRVMAMSKMAQDATDEGGSSWNNLTALIQHIKNFNLN----------"
"GAME17","Solanum lycopersicumÊ","tomatidine galactoside glucosyltransferase","XM_004243589","Itkin et al., Science, 2013,","","","","","","","","","","",""
"GAME18","Solanum lycopersicumÊ","_-tomatine glucosyltransferase","XM_004243588","Itkin et al., Science, 2013,","","","","","","","","","","",""
"GAME2","Solanum lycopersicumÊ","_1-tomatine xylosyltransferase (UGT73L4)","HQ293018","Itkin et al., Science, 2013,","HQ293018","2.4.1.-","E5L3S0","E5L3S0_SOLLC","intracellular membrane-bounded organelle [GO:0043231]; quercetin 3-O-glucosyltransferase activity [GO:0080043]; quercetin 7-O-glucosyltransferase activity [GO:0080044]; metabolic process [GO:0008152]","GO:0008152; GO:0043231; GO:0080043; GO:0080044","Solanum lycopersicum (Tomato) (Lycopersicon esculentum)",4081.0,"Glycosyltransferase (EC 2.4.1.-)","MAMEENEQSAIAHVVFIPYAMTSHITPLVHIARLLAFHGLKVTIIAPPHNALLFQSSVDRDCLFWGSNISVRTIQFPSEEIGLPVGIENFIASPSMEIVGKVHYGFLLLQKPMEQMIRELNPNCIISDMFFPWTVDLAEELQIPRFSFQPGTFVHQCAWVFIRELKPYENHVSFSIPGLPLDIQMKVSEIEDFLKGETEYRKTVEDVLQAEIRSHGIIHNTCSELEPGFAQLYEKARGVKGWHIGPVALFINNYEAENSCCDPWKGYGDCFDWLENQQSKSVLFVCFGSMIRFSDDQLKEMAVGLKAANCPTIWVFKEQDKNGFCSKRLKEMKGENMFIIEGWAPQVSILKHGAIGGFLTHCGWNSILESLSVGVPLITWPLFSDNFYTDKLLEKLGLAIGIGADVWNPGFILSCPSLSGEKIELAVKRLINNSEESRNIRENAKLMAKKLKVATEEGGSSHAQLMGLIHEIKRCALKKSSL","---MAMEENEQSAIAHVVFIPYAMTSHITPLVHIARLLAFH--GLKVTIIAPPHNALLFQSSVDRDCLFWGSNISVRTIQFPS--E---EIGLPVGIENFIASPSMEIVGKVHYGFLLLQKPMEQMI-REL--NPNCIISDMFFPWTVDLAEELQIPRFSFQPGTFVHQCAWVFIRELK----PYENH-----V----SFSIPGLPLD----IQMKVSEIEDFL----------------KGETEY----RKTVEDVLQAEIRSHGIIHNTCSELEP-GFAQLYE-KARGVKGWHIGPVALFINNYEAE-----------NSCCDPWKGYGDCFDWLENQQSKSVLFVCFGSMI-RFSDDQLKEMAVGLKAANCPTIWVFKEQDKNGF-------------CS-KRLKEMKG--ENMFIIEGWAPQVSILKHGAIGGFLTHCGWNSILESLSVGVPLITWPLFSDNFYTDKLL-EKLGLAIGIGADVWN--PGFILSCPSLSGEKIELAVKRLINN--SEESRNIRENAKLMAKKLKVATEEGGSSHAQLMGLIHEIKRCALKKSSL------"
"GmUGT73F2","Glycine max","saponin glucosyltransferase","AB628089","Sayama et al., Plant Cell, 2012,","AB628089","2.4.1.-","I1KN68","I1KN68_SOYBN","cytoplasm [GO:0005737]; intracellular membrane-bounded organelle [GO:0043231]; quercetin 3-O-glucosyltransferase activity [GO:0080043]; quercetin 7-O-glucosyltransferase activity [GO:0080044]; metabolic process [GO:0008152]","GO:0005737; GO:0008152; GO:0043231; GO:0080043; GO:0080044","Glycine max (Soybean) (Glycine hispida)",3847.0,"Glycosyltransferase (EC 2.4.1.-)","MDLQQRPLKLHFIPYLSPGHVIPLCGIATLFASRGQHVTVITTPYYAQILRKSSPSLQLHVVDFPAKDVGLPDGVEIKSAVTDLADTAKFYQAAMLLRRPISHFMDQHPPDCIVADTMYSWADDVANNLRIPRLAFNGYPLFSGAAMKCVISHPELHSDTGPFVIPDFPHRVTMPSRPPKMATAFMDHLLKIELKSHGLIVNSFAELDGEECIQHYEKSTGHKAWHLGPACLVGKRDQERGEKSVVSQNECLTWLDPKPTNSVVYVSFGSVCHFPDKQLYEIACALEQSGKSFIWIVPEKKGKEYENESEEEKEKWLPKGFEERNREKGMIVKGWAPQLLILAHPAVGGFLSHCGWNSSLEAVTAGVPMITWPVMADQFYNEKLITEVRGIGVEVGATEWRLVGYGEREKLVTRDTIETAIKRLMGGGDEAQNIRRRSEELAEKAKQSLQEGGSSHNRLTTLIADLMRLRDSKSAT","-------MDLQQRPLKLHFIPYLSPGHVIPLCGIATLFASR--GQHVTVITTPYYAQILRKS--------SPSLQLHVVDFPA--K---DVGLPDGVEIKSAVTDLADTAKFYQAAMLLRRPISHFM-DQH--PPDCIVADTMYSWADDVANNLRIPRLAFNGYPLFSGAAMKCVI------SHP-EL-----HSDTGPFVIPDFPHR----VTMPSR-----------------------PPKMA----TAFMDHLLKIELKSHGLIVNSFAELDGEECIQHYE-KSTGHKAWHLGPACLVGKRDQ-----E--------RGEKSVVSQNECLTWLDPKPTNSVVYVSFGSVC-HFPDKQLYEIACALEQSGKSFIWIVPEKKGKEYEN--ESEEEKEKWLP-KGFEERNR--EKGMIVKGWAPQLLILAHPAVGGFLSHCGWNSSLEAVTAGVPMITWPVMADQFYNEKLITEVRGIGVEVGATEWRLVGYGERE-KLVTRDTIETAIKRLMGG--GDEAQNIRRRSEELAEKAKQSLQEGGSSHNRLTTLIADLMRLRDSKSAT------"
"GmUGT73F4","Glycine max","saponin xylosyltransferase","AB628091","Sayama et al., Plant Cell, 2012,","AB628091","2.4.1.-","I7HBP1","I7HBP1_SOYBN","transferase activity, transferring hexosyl groups [GO:0016758]; metabolic process [GO:0008152]","GO:0008152; GO:0016758","Glycine max (Soybean) (Glycine hispida)",3847.0,"Glycosyltransferase (EC 2.4.1.-)","MDLQQRPLKLHFIPYLSPGHVIPLCGIATLFASRGQHVTVITTPYYAQILRKSSPSLQLHVVDFPAKDVGLPDGVEIKSAVTDLADTAKFYQAAMLLRGPIAHFMDQHPPDCIVADTMYSWADDVANKLRIPRLAFNSYPLFAVSAMKSVISHPELHSDTGPFVIPDFPHRVTMPSRPPKMATAFMDHLLKIELKSHGLIVNSFAELDGEECIQHYEKSTGHKAWHLGPACLVGKRDQERGEKSVVSQNECLTWLDPKPTNSVVYVSFGSVCHFPDKQLYEIACALEQSGKPFIWIVPEKKGKEYENESEEEKEKWLPKGFEERNREKGMIVKGWAPQLLILAHPAVGGFLSHCGWNSSLEAVTAGVPMITWPVMADQFYNEKLITEVRGIGVEVGATEWRLVGYGEREKLVTRDTIETAIKRLMGGGDEAQNIRRRSEELAEKAKQSLQEGGSSHNRLTTLIADLMRLRDSKSAT","-------MDLQQRPLKLHFIPYLSPGHVIPLCGIATLFASR--GQHVTVITTPYYAQILRKS--------SPSLQLHVVDFPA--K---DVGLPDGVEIKSAVTDLADTAKFYQAAMLLRGPIAHFM-DQH--PPDCIVADTMYSWADDVANKLRIPRLAFNSYPLFAVSAMKSVI------SHP-EL-----HSDTGPFVIPDFPHR----VTMPSR-----------------------PPKMA----TAFMDHLLKIELKSHGLIVNSFAELDGEECIQHYE-KSTGHKAWHLGPACLVGKRDQ-----E--------RGEKSVVSQNECLTWLDPKPTNSVVYVSFGSVC-HFPDKQLYEIACALEQSGKPFIWIVPEKKGKEYEN--ESEEEKEKWLP-KGFEERNR--EKGMIVKGWAPQLLILAHPAVGGFLSHCGWNSSLEAVTAGVPMITWPVMADQFYNEKLITEVRGIGVEVGATEWRLVGYGERE-KLVTRDTIETAIKRLMGG--GDEAQNIRRRSEELAEKAKQSLQEGGSSHNRLTTLIADLMRLRDSKSAT------"
"GmUGT73P2","Glycine max","saponin galactosyltransferase","AB473730","Shibuya et al., FEBS Lett., 2010,","AB473730","2.4.1.272","D4Q9Z4","SGT2_SOYBN","intracellular membrane-bounded organelle [GO:0043231]; quercetin 3-O-glucosyltransferase activity [GO:0080043]; quercetin 7-O-glucosyltransferase activity [GO:0080044]; soyasapogenol B glucuronide galactosyltransferase activity [GO:0102240]; metabolic process [GO:0008152]","GO:0008152; GO:0043231; GO:0080043; GO:0080044; GO:0102240","Glycine max (Soybean) (Glycine hispida)",3847.0,"Soyasapogenol B glucuronide galactosyltransferase (EC 2.4.1.272) (Soyasaponin glycosyltransferase 2) (UDP-galactose:SBMG-galactosyltransferase)","MEKKKGELKSIFLPFLSTSHIIPLVDMARLFALHDVDVTIITTAHNATVFQKSIDLDASRGRPIRTHVVNFPAAQVGLPVGIEAFNVDTPREMTPRIYMGLSLLQQVFEKLFHDLQPDFIVTDMFHPWSVDAAAKLGIPRIMFHGASYLARSAAHSVEQYAPHLEAKFDTDKFVLPGLPDNLEMTRLQLPDWLRSPNQYTELMRTIKQSEKKSYGSLFNSFYDLESAYYEHYKSIMGTKSWGIGPVSLWANQDAQDKAARGYAKEEEEKEGWLKWLNSKAESSVLYVSFGSINKFPYSQLVEIARALEDSGHDFIWVVRKNDGGEGDNFLEEFEKRMKESNKGYLIWGWAPQLLILENPAIGGLVTHCGWNTVVESVNAGLPMATWPLFAEHFFNEKLVVDVLKIGVPVGAKEWRNWNEFGSEVVKREEIGNAIASLMSEEEEDGGMRKRAKELSVAAKSAIKVGGSSHNNMKELIRELKEIKLSKEAQETAPNP","-------MEKKKGELKSIFLPFLSTSHIIPLVDMARLFALH--DVDVTIITTAHNATVFQKSIDLDAS-RGRPIRTHVVNFPA--A---QVGLPVGIEAFNVDTPREMTPRIYMGLSLLQQVFEKLF-HDL--QPDFIVTDMFHPWSVDAAAKLGIPRIMFHGASYLARSAAHSVEQYA----PHLEA-----KFDTDKFVLPGLPDN----LEMTRLQLPDWL----------------RSPNQY----TELMRTIKQSEKKSYGSLFNSFYDLES-AYYEHYK-SIMGTKSWGIGPVSLWANQDAQDKAAR--------GYAKEEEEKEGWLKWLNSKAESSVLYVSFGSIN-KFPYSQLVEIARALEDSGHDFIWVVRKNDGGEG-----------DNFL-EEFEKRMKESNKGYLIWGWAPQLLILENPAIGGLVTHCGWNTVVESVNAGLPMATWPLFAEHFFNEKLVVDVLKIGVPVGAKEWRNWNEF-GS-EVVKREEIGNAIASLMSE--EEEDGGMRKRAKELSVAAKSAIKVGGSSHNNMKELIRELKEIKLSKEAQETAPNP"
"GmUGT91H4","Glycine max","saponin rhamnosyltransferase","AB473731","Shibuya et al., FEBS Lett., 2010,","AB473731","2.4.1.273","D4Q9Z5","SGT3_SOYBN","intracellular membrane-bounded organelle [GO:0043231]; quercetin 3-O-glucosyltransferase activity [GO:0080043]; quercetin 7-O-glucosyltransferase activity [GO:0080044]; soyasaponin III rhamnosyltransferase activity [GO:0102241]; metabolic process [GO:0008152]","GO:0008152; GO:0043231; GO:0080043; GO:0080044; GO:0102241","Glycine max (Soybean) (Glycine hispida)",3847.0,"Soyasaponin III rhamnosyltransferase (EC 2.4.1.273) (Soyasaponin glycosyltransferase 3) (UDP-rhamnose:soyasaponin III-rhamnosyltransferase)","MDSVALNGKSNDKPLHVAMLPWLAMGHIYPYFEVAKILAQKGHFVTFINSPKNIDRMPKTPKHLEPFIKLVKLPLPKIEHLPEGAESTMDIPSKKNCFLKKAYEGLQYAVSKLLKTSNPDWVLYDFAAAWVIPIAKSYNIPCAHYNITPAFNKVFFDPPKDKMKDYSLASICGPPTWLPFTTTIHIRPYEFLRAYEGTKDEETGERASFDLNKAYSSCDLFLLRTSRELEGDWLDYLAGNYKVPVVPVGLLPPSMQIRDVEEEDNNPDWVRIKDWLDTQESSSVVYIGFGSELKLSQEDLTELAHGIELSNLPFFWALKNLKEGVLELPEGFEERTKERGIVWKTWAPQLKILAHGAIGGCMSHCGSGSVIEKVHFGHVLVTLPYLLDQCLFSRVLEEKQVAVEVPRSEKDGSFTRVDVAKTLRFAIVDEEGSALRENAKEMGKVFSSEELHNKYIQDFIDALQKYRIPSAS","MDSVALNGKSNDKPLHVAMLPWLAMGHIYPYFEVAKILAQK--GHFVTFINSPKNIDRMPKTPKH----LEPFIKLVKLPLPK------IEHLPEGAESTMDIPSKKNC-FLKKAYEGLQYAVSKLL-KTS--NPDWVLYDFAAAWVIPIAKSYNIPCAHYNITPAFNKVFFDPPKDKM-------------KDYSLASICGPPTWLPFTTTIHIRPYEFLRAYEGT---------KDE---ETG----ERASFD-LNKAYSSCDLFLLRTSRELEG-DWLDYLA-GNYKVPVVPVGLLPPSMQIRDV-------------EEEDNNPDWVRIKDWLDTQESSSVVYIGFGSEL-KLSQEDLTELAHGIELSNLPFFWALKNLKEG------------VLELP-EGFEERTK--ERGIVWKTWAPQLKILAHGAIGGCMSHCGSGSVIEKVHFGHVLVTLPYLLDQCLFSRVL-EEKQVAVEVPRSEKD---------GSFTRVDVAKTLRFAIVD---EEGSALRENAKEMGKVFSSEELH----NKYIQDFIDALQKYRIPSAS-------"
"GuUGAT","Glycyrrhiza uralensis","Glycyrrhiza uralensis UDP-glycosyltransferase mRNA, complete cds.","KT759000","Xu et al., New Phytol., 2016,","KT759000","2.4.1.-","A0A191UPY1","A0A191UPY1_GLYUR","transferase activity, transferring hexosyl groups [GO:0016758]; metabolic process [GO:0008152]","GO:0008152; GO:0016758","Glycyrrhiza uralensis (Chinese licorice) (Glycyrrhiza shiheziensis)",74613.0,"Glycosyltransferase (EC 2.4.1.-)","MTMGNENRELHIIFFPFLANGHIIPCVDLARVFAARGIRATIVTTHLNVPYISRTIGKANINIRTIKFPSTEDSGLPEGCENTESALAPDKFIKFMKATLLLRDPLEHVLQEEQPHCLVADMFFPWATDSAAKFGIPRIVFHGLGYFPLCVLACTRQYKPQDKVSSYTEPFVVPNLPGEITLTKMQLPQLPQHDKVFTQLLEESNESELKSFGVIVNSFYELEPVYADHYRNELGRRAWHLGPVSLCSRDTEEKSRRGREAAIDENECLKWLQSKEPNSVVYVCFGSMMVFSDAQLKEIAMGLEASGKPFIWVVKKGGAKSEGEKLEWLPEGFEERMGESNKGLIIRGWAPQVMILDHGAVGGFVTHCGWNSTLEGVCAGVPMVTWPMYGEQFYNAKFLTDIVKIGVGVGVQTWIGMGGGEPVKKEVIEQAVRRIMVGQEAEEMRNRAKELSQMAKRAVEEGGSSHNDFNSLIEDLRSRAH","-----MTMGNENRELHIIFFPFLANGHIIPCVDLARVFAAR--GIRATIVTTHLNVPYISRTIGK------ANINIRTIKFPS--TE--DSGLPEGCENTESALAPDKFIKFMKATLLLRDPLEHVL-QEE--QPHCLVADMFFPWATDSAAKFGIPRIVFHGLGYFPLCVLACTRQYK----PQDKV-----SSYTEPFVVPNLPGE----ITLTKMQLPQLP----------------QHDKVF----TQLLEESNESELKSFGVIVNSFYELEP-VYADHYR-NELGRRAWHLGPVSLCSRDTEEKS--R--------RGREAAIDENECLKWLQSKEPNSVVYVCFGSMM-VFSDAQLKEIAMGLEASGKPFIWVVKKGGA-------KSEGEKLEWLP-EGFEERMGESNKGLIIRGWAPQVMILDHGAVGGFVTHCGWNSTLEGVCAGVPMVTWPMYGEQFYNAKFLTDIVKIGVGVGVQTWIGMGGGEP----VKKEVIEQAVRRIMVG---QEAEEMRNRAKELSQMAKRAVEEGGSSHNDFNSLIEDLRSRAH-----------"
"MtUGT71G1","Medicago truncatula","Medicago truncatula triterpene UDP-glucosyl transferase UGT71G1 mRNA, complete cds.","AY747627","Achnine et al., Plant J., 2005,","AY747627","2.4.1.-","Q5IFH7","Q5IFH7_MEDTR","nucleotide binding [GO:0000166]; transferase activity, transferring hexosyl groups [GO:0016758]; metabolic process [GO:0008152]","GO:0000166; GO:0008152; GO:0016758","Medicago truncatula (Barrel medic) (Medicago tribuloides)",3880.0,"Glycosyltransferase (EC 2.4.1.-)","MSMSDINKNSELIFIPAPGIGHLASALEFAKLLTNHDKNLYITVFCIKFPGMPFADSYIKSVLASQPQIQLIDLPEVEPPPQELLKSPEFYILTFLESLIPHVKATIKTILSNKVVGLVLDFFCVSMIDVGNEFGIPSYLFLTSNVGFLSLMLSLKNRQIEEVFDDSDRDHQLLNIPGISNQVPSNVLPDACFNKDGGYIAYYKLAERFRDTKGIIVNTFSDLEQSSIDALYDHDEKIPPIYAVGPLLDLKGQPNPKLDQAQHDLILKWLDEQPDKSVVFLCFGSMGVSFGPSQIREIALGLKHSGVRFLWSNSAEKKVFPEGFLEWMELEGKGMICGWAPQVEVLAHKAIGGFVSHCGWNSILESMWFGVPILTWPIYAEQQLNAFRLVKEWGVGLGLRVDYRKGSDVVAAEEIEKGLKDLMDKDSIVHKKVQEMKEMSRNAVVDGGSSLISVGKLIDDITGSN","-----MSMSDINKNSELIFIPAPGIGHLASALEFAKLLTNHDKNLYITVFCIKFPGMPFADSYIKSVL-A-SQPQIQLIDLPEVEPPPQELLKSPEFYI-LTFLES--------LIPHVKA---TIK-TILSNKVVGLVLDFFCVSMIDVGNEFGIPSYLFLTSNVGFLSLMLSLKNRQIEEV--FDD----SDRDHQLLNIPGISNQ----VP--SNVLPDACF---------------NKDGGY-IAYYKLA----ERFRDTKGIIVNTFSDLEQSSIDALYDHDEKIPPIYAVGPLLDLKGQPNPK---------------LDQAQHDLILKWLDEQPDKSVVFLCFGSMGVSFGPSQIREIALGLKHSGVRFLWSNSAE---------------KKVFP-EGFLEWMELEGKGMIC-GWAPQVEVLAHKAIGGFVSHCGWNSILESMWFGVPILTWPIYAEQQLNAFRLVKEWGVGLGLRVDYRKGS-------DVVAAEEIEKGLKDLM-----DKDSIVHKKVQEMKEMSRNAVVDGGSSLISVGKLIDDITGSN------------"
"MtUGT73F3","Medicago truncatula","triterpene glucosyltransferase","FJ477891","Naoumkina et al., Plant Cell, 2010,","FJ477891","2.4.1.-","D2D583","D2D583_MEDTR","transferase activity, transferring hexosyl groups [GO:0016758]; metabolic process [GO:0008152]","GO:0008152; GO:0016758","Medicago truncatula (Barrel medic) (Medicago tribuloides)",3880.0,"Glycosyltransferase (EC 2.4.1.-)","MEGVEVEQPLKVYFIPFLASGHMIPLFDIATMFASRGQQVTVITTPANAKSLTKSLSSDAPSFLRLHTVDFPSQQVGLPEGIESMSSTTDPTTTWKIHTGAMLLKEPIGDFIENDPPDCIISDSTYPWVNDLADKFQIPNITFNGLCLFAVSLVETLKTNNLLKSQTDSDSDSSSFVVPNFPHHITLCGKPPKVIGIFMGMMLETVLKSKALIINNFSELDGEECIQHYEKATGHKVWHLGPTSLIRKTAQEKSERGNEGAVNVHESLSWLDSERVNSVLYICFGSINYFSDKQLYEMACAIEASGHPFIWVVPEKKGKEDESEEEKEKWLPKGFEERNIGKKGLIIRGWAPQVKILSHPAVGGFMTHCGGNSTVEAVSAGVPMITWPVHGDQFYNEKLITQFRGIGVEVGATEWCTSGVAERKKLVSRDSIEKAVRRLMDGGDEAENIRLRAREFGEKAIQAIQEGGSSYNNLLALIDELKRSRDLKRLRDLKLDD","-----MEGVEVEQPLKVYFIPFLASGHMIPLFDIATMFASR--GQQVTVITTPANAKSLTKSLSSD---APSFLRLHTVDFPS--Q---QVGLPEGIESMSSTTDPTTTWKIHTGAMLLKEPIGDFI-END--PPDCIISDSTYPWVNDLADKFQIPNITFNGLCLFAVSLVETLKTNNLLKSQT-DS-----DSDSSSFVVPNFPHH----ITLCGK-----------------------PPKVI----GIFMGMMLETVLKSKALIINNFSELDGEECIQHYE-KATGHKVWHLGPTSLIRKTAQEKS--E--------RGNEGAVNVHESLSWLDSERVNSVLYICFGSIN-YFSDKQLYEMACAIEASGHPFIWVVPEKKGKED----ESEEEKEKWLP-KGFEERNI-GKKGLIIRGWAPQVKILSHPAVGGFMTHCGGNSTVEAVSAGVPMITWPVHGDQFYNEKLITQFRGIGVEVGATEWCTSGVAERK-KLVSRDSIEKAVRRLMDG--GDEAENIRLRAREFGEKAIQAIQEGGSSYNNLLALIDELKRSRDLKRLRDLKLDD"
"MtUGT73K1","Medicago truncatula","Medicago truncatula triterpene UDP-glucosyl transferase UGT73K1 mRNA, complete cds.","AY747626","Achnine et al., Plant J., 2005,","AY747626","2.4.1.-","Q5IFH8","Q5IFH8_MEDTR","transferase activity, transferring hexosyl groups [GO:0016758]; metabolic process [GO:0008152]","GO:0008152; GO:0016758","Medicago truncatula (Barrel medic) (Medicago tribuloides)",3880.0,"Glycosyltransferase (EC 2.4.1.-)","MGTESKPLKIYMLPFFAQGHLIPLVNLARLVASKNQHVTIITTPSNAQLFDKTIEEEKAAGHHIRVHIIKFPSAQLGLPTGVENLFAASDNQTAGKIHMAAHFVKADIEEFMKENPPDVFISDIIFTWSESTAKNLQIPRLVFNPISIFDVCMIQAIQSHPESFVSDSGPYQIHGLPHPLTLPIKPSPGFARLTESLIEAENDSHGVIVNSFAELDEGYTEYYENLTGRKVWHVGPTSLMVEIPKKKKVVSTENDSSITKHQSLTWLDTKEPSSVLYISFGSLCRLSNEQLKEMANGIEASKHQFLWVVHGKEGEDEDNWLPKGFVERMKEEKKGMLIKGWVPQALILDHPSIGGFLTHCGWNATVEAISSGVPMVTMPGFGDQYYNEKLVTEVHRIGVEVGAAEWSMSPYDAKKTVVRAERIEKAVKKLMDSNGEGGEIRKRAKEMKEKAWKAVQEGGSSQNCLTKLVDYLHSVVVTKSVELN","-------MGTESKPLKIYMLPFFAQGHLIPLVNLARLVASK--NQHVTIITTPSNAQLFDKTIEEEKA-AGHHIRVHIIKFPS--A---QLGLPTGVENLFAASDNQTAGKIHMAAHFVKADIEEFM-KEN--PPDVFISDIIFTWSESTAKNLQIPRLVFNPISIFDVCMIQAIQ------SHPESF-----VSDSGPYQIHGLPHP----LTLPIK-----------------------PSPGF----ARLTESLIEAENDSHGVIVNSFAELDE-GYTEYYE-NLTGRKVWHVGPTSLMVEIPKKKKVVS--------TENDSSITKHQSLTWLDTKEPSSVLYISFGSLC-RLSNEQLKEMANGIEASKHQFLWVVHGKEGE----------DEDNWLP-KGFVERMKEEKKGMLIKGWVPQALILDHPSIGGFLTHCGWNATVEAISSGVPMVTMPGFGDQYYNEKLVTEVHRIGVEVGAAEWSMSPYDAKK-TVVRAERIEKAVKKLMDS--NGEGGEIRKRAKEMKEKAWKAVQEGGSSQNCLTKLVDYLHSVVVTKSVELN----"
"PgUGT71A27","Panax ginseng","dammarane glucosyltransferas","KM491309","Yan et al., Cell Res., 2014,Wei et al., Mol Plant, 2015,","KM491309","","A0A0A7HB61","A0A0A7HB61_PANGI","transferase activity, transferring hexosyl groups [GO:0016758]; metabolic process [GO:0008152]","GO:0008152; GO:0016758","Panax ginseng (Korean ginseng)",4054.0,"UDP-glycosyltransferase","MKSELIFLPAPAIGHLVGMVEMAKLFISRHENLSVTVLIAKFYMDTGVDNYNKSLLTNPTPRLTIVNLPETDPQNYMLKPRHAIFPSVIETQKTHVRDIISGMTQSESTRVVGLLADLLFINIMDIANEFNVPTYVYSPAGAGHLGLAFHLQTLNDKKQDVTEFRNSDTELLVPSFANPVPAEVLPSMYVDKEGGYDYLFSLFRRCRESKAIIINTFEELEPYAINSLRMDSMIPPIYPVGPILNLNGDGQNSDEAAVILGWLDDQPPSSVVFLCFGSYGSFQENQVKEIAMGLERSGHRFLWSLRPSIPKGETKLQLKYSNLKEILPVGFLDRTSCVGKVIGWAPQVAVLAHKAVGGFVSHCGWNSILESVWYDMSVATWPMYGEQQLNAFEMVKELGLAVEIEVDYRNEYNKTGFIVRADEIETKIKKLMMDEKNSEIRKKVKEMKEKSRVAMSENGSSYTSLAKLFEKIM","------------MKSELIFLPAPAIGHLVGMVEMAKLFISRHENLSVTVLIAKFYMDTGVDNYNKSLL-TNPTPRLTIVNLPETDPQNY--MLKPRHAIFPSVIET--------QKTHVRDIISGMT-QSESTRVVGLLADLLFINIMDIANEFNVPTYVYSPAGAGHLGLAFHLQTLND-KKQDVTE----FRNSDTELLVPSFANP----VP--AEVLPSMYV---------------DKEGGY-DYLFSLF----RRCRESKAIIINTFEELEPYAINSL-RMDSMIPPIYPVGPILNLNGDGQN------------------SDEAAVILGWLDDQPPSSVVFLCFGSYG-SFQENQVKEIAMGLERSGHRFLWSLRPSIPKGETKLQLKYSNLKEILP-VGFLDRTSC--VGKVI-GWAPQVAVLAHKAVGGFVSHCGWNSILESVWYDMSVATWPMYGEQQLNAFEMVKELGLAVEIEVDYRNEYNK---TGFIVRADEIETKIKKLMMD---EKNSEIRKKVKEMKEKSRVAMSENGSSYTSLAKLFEKIM---------------"
"PgUGT74AE2","Panax ginseng","dammarane glucosyltransferas (UGT74A1)","JX898529","Jung et al., Plant Cell Physiol., 2014,","JX898529","","A0A0A6ZFR4","A0A0A6ZFR4_PANGI","transferase activity, transferring hexosyl groups [GO:0016758]; metabolic process [GO:0008152]","GO:0008152; GO:0016758","Panax ginseng (Korean ginseng)",4054.0,"UDP-glucosyltransferase 74A1","MLSKTHIMFIPFPAQGHMSPMMQFAKRLAWKGVRITIVLPAQIRDSMQITNSLINTECISFDFDKDDGMPYSMQAYMGVVKLKVTNKLSDLLEKQKTNGYPVNLLVVDSLYPSRVEMCHQLGVKGAPFFTHSCAVGAIYYNAHLGKLKIPPEEGLTSVSLPSIPLLGRDDLPIIRTGTFPDLFEHLGNQFSDLDKADWIFFNTFDKLENEEAKWLSSQWPITSIGPLIPSMYLDKQLPNDKGNGINLYKADVGSCIKWLDAKDPGSVVYASFGSVKHNFGDDYMDEVAWGLLHSKYNFIWVVIEPERTKLSSDFLAEAEEKGLIVSWCPQLEVLSHKSIGSFMTHCGWNSTVEALSLGVPMVAVPQQFDQPVNAKYIVDVWQIGVRVPIGEDGVVLRGEVANCIKDVMEGEIGDELRGNALKWKGLAVEAMEKGGSSDKNIDEFISKLVSS","----------MLSKTHIMFIPFPAQGHMSPMMQFAKRLAWK--GVRITIVLPAQIRDSMQITNS--------LINTECISFDFDK----DDGMPYSMQAYMGVVKLKVT-------NKLSDLLEKQ--KTNGYPVNLLVVDSLYPSRVEMCHQLGVKGAPFFTHSCAVGAIYYNAHLGKLKIPP-EEG--------LTSVSLPSIPLL----GR--DD-LPIIR----------------TG--TFPDLFEHLGNQF-SDLDKADWIFFNTFDKLEN-EEAKWLS-S--QWPITSIGPLIPSMY--LDK----QLPNDKGNGINLYKADVGSCIKWLDAKDPGSVVYASFGSVKHNFGDDYMDEVAWGLLHSKYNFIWVVIEPERT--------------KLS-SDFLAEAE--EKGLIV-SWCPQLEVLSHKSIGSFMTHCGWNSTVEALSLGVPMVAVPQQFDQPVNAKYIVDVWQIGVRVPIGED----------GVVLRGEVANCIKDVMEG--E-IGDELRGNALKWKGLAVEAMEKGGSSDKNIDEFISKLVSS-------------"
"PgUGT94Q2","Panax ginseng","dammarane glucosyltransferas (UGT94B1)","JX898530","Jung et al., Plant Cell Physiol., 2014,","JX898530","2.4.1.-","A0A0A6ZFY4","A0A0A6ZFY4_PANGI","transferase activity, transferring hexosyl groups [GO:0016758]; metabolic process [GO:0008152]","GO:0008152; GO:0016758","Panax ginseng (Korean ginseng)",4054.0,"Glycosyltransferase (EC 2.4.1.-)","MDNQNGRISIALLPFLAHGHISPFFELAKQLAKRNCNVFLCSTPINLSSIKDKDSSASIKLVELHLPSSPDLPPHYHTTNGLPSHLMLPLRNAFETAGPTFSEILKTLNPDLLIYDFNPSWAPEIASSHNIPAVYFLTTAAASSSIGLHAFKNPGEKYPFPDFYDNSNITPEPPSADNMKLLHDFIACFERSCDIILIKSFRELEGKYIDLLSTLSDKTLVPVGPLVQDPMGHNEDPKTEQIINWLDKRAESTVVFVCFGSEYFLSNEELEEVAIGLEISTVNFIWAVRLIEGEKKGILPEGFVQRVGDRGLVVEGWAPQARILGHSSTGGFVSHCGWSSIAESMKFGVPVIAMARHLDQPLNGKLAAEVGVGMEVVRDENGKYKREGIAEVIRKVVVEKSGEVIRRKARELSEKMKEKGEQEIDRALEELVQICKKKKDEQ","-------MDNQNGRISIALLPFLAHGHISPFFELAKQLAKR--NCNVFLCSTPINLSSIKD--KD----SSASIKLVELHLPS------SPDLPPHYHTTNGLPSHLML-PLRNAFETAGPTFSEIL-KTL--NPDLLIYDFNPSWAPEIASSHNIPAVYFLTTAAASSS------------------------IGLHAFKNPGEKYPFP-----------DFYDNS---------NITPEPPSA--DNMKLLHDFIACFERSCDIILIKSFRELEG-KYIDLLS-TLSDKTLVPVGPLV-----QDP-------------MGHNEDPKTEQIINWLDKRAESTVVFVCFGSEY-FLSNEELEEVAIGLEISTVNFIWAVRLIEGE-----------KKGILP-EGFVQRVG--DRGLVVEGWAPQARILGHSSTGGFVSHCGWSSIAESMKFGVPVIAMARHLDQPLNGKLA-AEVGVGMEVVRD-EN---------GKYKREGIAEVIRKVVVE---KSGEVIRRKARELSEKMKEKGEQ--EIDRALEELVQICKKKKDEQ---------"
"SaUGT73L1","Solanum aculeatissimum","steroidal alkaloid glucosyltransferase","AB182385","Kohara et al., Plant Mol. Biol., 2005,","AB182385","2.4.1.-","Q5H861","Q5H861_SOLAA","transferase activity, transferring hexosyl groups [GO:0016758]; metabolic process [GO:0008152]","GO:0008152; GO:0016758","Solanum aculeatissimum (Dutch eggplant) (Solanum khasianum)",267265.0,"Glycosyltransferase (EC 2.4.1.-)","MDNGSNQLHVLFLPYFATGHIIPLVNAARLFVFHAGVKVTILTTHHNASLFRSTIDNDVEDGHSVISIHTLRFPSTEVGLPEGIENFSSASSPELAGKVFYAIYLLQKPMEDKIREIHPDCIFSDMYLPWTVNIALELKIPRLLFNQSSYMYNSILYNLRLYKPHKSKTITSTDSISVPGLPDKIEFKLSQLTDDLIKPEDEKNAFDELLDRTRESEDRSYGIVHDTFYELEPAYADYYQKVKKTKCWQIGPISHFSSKLFRRKELINAVDESNSCAIVEWLNEQEHKSVLYVSFGSVVRFPEAQLTEIAKALEASSIPFIWVVKKDQSAETTCLLEEEKLKNKGLIIRGWAPQLTILDHSAVGGFMTHCGWNSILEAIIAGVPLVTWPVFAEQFYNEKLVEVMGLGVKVGAEVHESNGGVEISSLVIESEKIKEAIEKLMDDSKESQKIREKVIGMSEMAKNAVEEGGSSWNNLTALIDDIKNFTSTTNV","-------MDNGSNQLHVLFLPYFATGHIIPLVNAARLFVFHA-GVKVTILTTHHNASLFRSTIDNDVEDGHSVISIHTLRFPS--T---EVGLPEGIENFSSASSPELAGKVFYAIYLLQKPMEDKI-REI--HPDCIFSDMYLPWTVNIALELKIPRLLFNQSSYMYNSILYNLRLYK----PHKSKT----ITSTDSISVPGLPDK----IEFKLSQLTDDL----------------IKPEDEKNAFDELLDRTRESEDRSYGIVHDTFYELEP-AYADYYQ-KVKKTKCWQIGPISHFSSKLFRRKE--------LINAVDESNSC-AIVEWLNEQEHKSVLYVSFGSVV-RFPEAQLTEIAKALEASSIPFIWVVKKDQS-----------AETTCLL-EEEK--LK--NKGLIIRGWAPQLTILDHSAVGGFMTHCGWNSILEAIIAGVPLVTWPVFAEQFYNEKLV-EVMGLGVKVGAEVHESNGGVEISSLVIESEKIKEAIEKLMDD--SKESQKIREKVIGMSEMAKNAVEEGGSSWNNLTALIDDIKNFTSTTNV-------"
"SgUGT720-269-1","Siraitia grosvenorii","mogroside glucosyl transferase","","Itkin et al., Proc. Natl. Acad. Sci. U.S.A., 2016,","","","","","","","","","","",""
"SgUGT74AC1","Siraitia grosvenorii","Siraitia grosvenorii UDP-glucosyltransferase (UDPG1) mRNA, complete cds.","HQ259620","Dai et al., Plant Cell Physiol., 2015,","HQ259620","2.4.1.-","K7NBW3","K7NBW3_SIRGR","transferase activity, transferring hexosyl groups [GO:0016758]; metabolic process [GO:0008152]","GO:0008152; GO:0016758","Siraitia grosvenorii (Monk's fruit) (Luo han guo)",190515.0,"Glycosyltransferase (EC 2.4.1.-)","MEKGDTHILVFPFPSQGHINPLLQLSKRLIAKGIKVSLVTTLHVSNHLQLQGAYSNSVKIEVISDGSEDRLETDTMRQTLDRFRQKMTKNLEDFLQKAMVSSNPPKFILYDSTMPWVLEVAKEFGLDRAPFYTQSCALNSINYHVLHGQLKLPPETPTISLPSMPLLRPSDLPAYDFDPASTDTIIDLLTSQYSNIQDANLLFCNTFDKLEGEIIQWMETLGRPVKTVGPTVPSAYLDKRVENDKHYGLSLFKPNEDVCLKWLDSKPSGSVLYVSYGSLVEMGEEQLKELALGIKETGKFFLWVVRDTEAEKLPPNFVESVAEKGLVVSWCSQLEVLAHPSVGCFFTHCGWNSTLEALCLGVPVVAFPQWADQVTNAKFLEDVWKVGKRVKRNEQRLASKEEVRSCIWEVMEGERASEFKSNSMEWKKWAKEAVDEGGSSDKNIEEFVAMLKQT","---------MEKGDTHILVFPFPSQGHINPLLQLSKRLIAK--GIKVSLVTTLHVSNHLQLQGA--------YSNSVKIEVISDGSE--DRLETDTMRQTLDRFRQKMT-------KNLEDFLQKA--MVSSNPPKFILYDSTMPWVLEVAKEFGLDRAPFYTQSCALNSINYHVLHGQLKLPP-ETP----------TISLPSMPLL----RP--SD-LPAYD----------------FDPASTDTIIDLLTSQY-SNIQDANLLFCNTFDKLEG-EIIQWME-T-LGRPVKTVGPTVPSAY--LDK----RVENDKHYGLSLFKPNEDVCLKWLDSKPSGSVLYVSYGSLV-EMGEEQLKELALGIKETGKFFLWVVRDTEAE--------------KLP-PNFVESVA--EKGLVV-SWCSQLEVLAHPSVGCFFTHCGWNSTLEALCLGVPVVAFPQWADQVTNAKFLEDVWKVGKRVKRNEQ----------RLASKEEVRSCIWEVMEG--E-RASEFKSNSMEWKKWAKEAVDEGGSSDKNIEEFVAMLKQT-------------"
"SgUGT94-289-1","Siraitia grosvenorii","mogroside glucosyl transferase","","Itkin et al., Proc. Natl. Acad. Sci. U.S.A., 2016,","","","","","","","","","","",""
"SgUGT94-289-2","Siraitia grosvenorii","mogroside glucosyl transferase","","Itkin et al., Proc. Natl. Acad. Sci. U.S.A., 2016,","","","","","","","","","","",""
"SgUGT94-289-3","Siraitia grosvenorii","mogroside glucosyl transferase","","Itkin et al., Proc. Natl. Acad. Sci. U.S.A., 2016,","","","","","","","","","","",""
"StSGT1","Solanum tuberosum","Solanum tuberosum UDP-galactose:solanidine galactosyltransferase (Sgt1) mRNA, Sgt1.1 allele, complete cds.","U82367","Moehs et al., Plant J., 1997,","U82367","2.4.1.-","P93789","P93789_SOLTU","transferase activity, transferring hexosyl groups [GO:0016758]; metabolic process [GO:0008152]","GO:0008152; GO:0016758","Solanum tuberosum (Potato)",4113.0,"Glycosyltransferase (EC 2.4.1.-)","MVATCNNGEILHVLFLPFLSAGHFIPLVNAARLFASRGVKATILTTPHNALLFRSTIDDDVRISGFPISIVTIKFPSAEVGLPEGIESFNSATSPEMPHKIFYALSLLQKPMEDKIRELRPDCIFSDMYFPWTVDIADELHIPRILYNLSAYMCYSIMHNLKVYRPHKQPNLDESQSFVVPGLPDEIKFKLSQLTDDLRKSDDQKTVFDELLEQVEDSEERSYGIVHDTFYELEPAYVDYYQKLKKPKCWHFGPLSHFASKIRSKELISEHNNNEIVIDWLNAQKPKSVLYVSFGSMARFPESQLNEIAQALDASNVPFIFVLRPNEETASWLPVGNLEDKTKKGLYIKGWVPQLTIMEHSATGGFMTHCGTNSVLEAITFGVPMITWPLYADQFYNEKVVEVRGLGIKIGIDVWNEGIEITGPVIESAKIREAIERLMISNGSEEIINIRDRVMAMSKMAQNATNEGGSSWNNLTALIQHIKNYNLN","----MVATCNNGEILHVLFLPFLSAGHFIPLVNAARLFASR--GVKATILTTPHNALLFRSTIDDDVRISGFPISIVTIKFPS--A---EVGLPEGIESFNSATSPEMPHKIFYALSLLQKPMEDKI-REL--RPDCIFSDMYFPWTVDIADELHIPRILYNLSAYMCYSIMHNLKVYR----PHKQPN----LDESQSFVVPGLPDE----IKFKLSQLTDDL----------------RKSDDQKTVFDELLEQVEDSEERSYGIVHDTFYELEP-AYVDYYQ-KLKKPKCWHFGPLSHFASKIRSKE---------LI---SEHNNNEIVIDWLNAQKPKSVLYVSFGSMA-RFPESQLNEIAQALDASNVPFIFVLRPNEE------------TASWLP-VGNLEDKT--KKGLYIKGWVPQLTIMEHSATGGFMTHCGTNSVLEAITFGVPMITWPLYADQFYNEKVV-EVRGLGIKIGIDVWN--EGIEITGPVIESAKIREAIERLMISNGSEEIINIRDRVMAMSKMAQNATNEGGSSWNNLTALIQHIKNYNLN----------"
"StSGT2","Solanum tuberosum","Solanum tuberosum cultivar Lemhi UDP-glucose:solanidine glucosyltransferase (Sgt2) mRNA, Sgt2.1 allele, complete cds.","DQ218276","McCue et al., Phytochemistry, 2006,","DQ218276","2.4.1.-","Q2Q479","Q2Q479_SOLTU","transferase activity, transferring hexosyl groups [GO:0016758]; metabolic process [GO:0008152]","GO:0008152; GO:0016758","Solanum tuberosum (Potato)",4113.0,"Glycosyltransferase (EC 2.4.1.-)","MDNGSKQLHVLFLPYFATGHIIPLVNAARLFASRDGVKVTILTTHHNASLFRSSIDNSLISIVTLKFPSTEVGLPEGIENFSSASSTEIAGKVFGGTYLLQKPMEDKIREIHPDCIFSDMYFPWTVDIALELKIPRLLFNQSSYMYNSILYNLRLYKPHEKLINQMEYSKSTNFSVPDLPDKIEFKLSQLTDDLVRPADERNAFDELLDRTRESEDLSYGIVHDTFYELEPAYADYYQKMKKTKCWQIGPISYFSSKLSPRKELINSSDESNSSAVVVEWLNKHKHKSVLYVSFGSTIRFPEEQLAEIAKALEASTVPFIWVVNKDQLAKTTWLPESLFDEKKCLIIKGWAPQLSILDHSAVGGFMTHCGWNSVLEAIIAGVPLVTWPVFAEQFYNEKLVEVMGLGVKVGAEVYNTNGGAEISTPVLRSEKIKEAIERLMESQKIREKAVSMSKMAKNAVEEGGSSSNNLTALIDDIKNFTSSSLKIMD","-------MDNGSKQLHVLFLPYFATGHIIPLVNAARLFASRD-GVKVTILTTHHNASLFRSSIDN------SLISIVTLKFPS--T---EVGLPEGIENFSSASSTEIAGKVFGGTYLLQKPMEDKI-REI--HPDCIFSDMYFPWTVDIALELKIPRLLFNQSSYMYNSILYNLRLYK----PHEKLINQMEYSKSTNFSVPDLPDK----IEFKLSQLTDDL----------------VRPADERNAFDELLDRTRESEDLSYGIVHDTFYELEP-AYADYYQ-KMKKTKCWQIGPISYFSSKLSPRKE--------LINSSDESNSSAVVVEWLNKHKHKSVLYVSFGSTI-RFPEEQLAEIAKALEASTVPFIWVVNKDQL-----------AKTTWLP-ESLF--DE--KKCLIIKGWAPQLSILDHSAVGGFMTHCGWNSVLEAIIAGVPLVTWPVFAEQFYNEKLV-EVMGLGVKVGAEVYNTNGGAEISTPVLRSEKIKEAIERLME------SQKIREKAVSMSKMAKNAVEEGGSSSNNLTALIDDIKNFTSSSLKIMD----"
"StSGT3","Solanum tuberosum","Solanum tuberosum rhamnose:beta-solanine/beta-chaconine rhamnosyltransferase mRNA, complete cds.","DQ266437","McCue et al., Phytochemistry, 2007,","DQ266437","2.4.1.-","Q2I6N7","Q2I6N7_SOLTU","transferase activity, transferring hexosyl groups [GO:0016758]; metabolic process [GO:0008152]","GO:0008152; GO:0016758","Solanum tuberosum (Potato)",4113.0,"Glycosyltransferase (EC 2.4.1.-)","MAMEQNEETAMPHVVFIPYAMTSHITPLVHIARLFALHGLKVTIIAPQHNALLFQSSVDRDRLFSGSNITVRTIQFPSEEVGLPVGIENFIASPSMEIVGKVHYGFILLQKIMEQLIREINPNCIVSDMFFPWTVDLAEEMQIPRFSFQPATSIHQCAWVFIREFKPYKNVASDAEKFLIPGLPLDIKMKVSEIEDFLKEETEYTKTVDDVLQAEVRSHGIIHNTCSELEPGVAQLYEKARGVKGWHIGPLALFINKYEAEISSKQISNSNINSCSDPWKGYGDCFNWLENQQPNSVLFVCFGSMIRFSDDQLKEMAVGLKAANCPTIWVFREQDKNEVDEKDEHSDWSRNGFKEMIGEKMFIIQGWAPQQLILKHQAIGGFLTHCGWNSILESLAVGVPLITWPLFSDNFYTDKLLETLGLAIGIGADVWNPGFILSCPPLSGEKIELAVKRLMNNSEESRKIRENAKLMAKKLKSATEEGGSSHSQLIGLIEEIKRCAFKKSS","---MAMEQNEETAMPHVVFIPYAMTSHITPLVHIARLFALH--GLKVTIIAPQHNALLFQSSVDRDRLFSGSNITVRTIQFPS--E---EVGLPVGIENFIASPSMEIVGKVHYGFILLQKIMEQLI-REI--NPNCIVSDMFFPWTVDLAEEMQIPRFSFQPATSIHQCAWVFIREFK----PYKNV-----ASDAEKFLIPGLPLD----IKMKVSEIEDFL----------------KEETEY----TKTVDDVLQAEVRSHGIIHNTCSELEP-GVAQLYE-KARGVKGWHIGPLALFINKYEAEISSKQISNSNINSCSDPWKGYGDCFNWLENQQPNSVLFVCFGSMI-RFSDDQLKEMAVGLKAANCPTIWVFREQDKNEV----DEKDEHSDWSR-NGFKEMIG--EKMFIIQGWAPQQLILKHQAIGGFLTHCGWNSILESLAVGVPLITWPLFSDNFYTDKLL-ETLGLAIGIGADVWN--PGFILSCPPLSGEKIELAVKRLMNN--SEESRKIRENAKLMAKKLKSATEEGGSSHSQLIGLIEEIKRCAFKKSS-------"
"SvUGT74M1","Saponaria Vaccaria","Vaccaria hispanica triterpene carboxylic acid glucosyltransferase (UGT74M1) gene, UGT74M1-1 allele, complete cds.","DQ915168","Meesapyodsuk et al., Plant Physiol., 2007,","DQ915168","2.4.1.-","A3E7Y9","A3E7Y9_9CARY","transferase activity, transferring hexosyl groups [GO:0016758]; metabolic process [GO:0008152]","GO:0008152; GO:0016758","Gypsophila vaccaria",39387.0,"Glycosyltransferase (EC 2.4.1.-)","MSNNENNATQVIVLPYHGQGHMNTMVQFAKRLAWKGVHVTIATTFNTIQQMKLNISSYNSITLEPIYDDTDDSTLHIKDRMARFEAEAASNLTRVLEAKKQQQALNKKCLLVYHGSLNWALVVAHQQNVAGAAFFTAASASFACYYYLHLESQGKGVDLEELPSILPPPKVIVQKLPKSFLAYGDNNSHNNNNNNNNNNNNNNMGLHPLVLWLLKDYGNSVKADFVLLNSFDKLEEEAIKWISNICSVKTIGPTIPSTYLDKQIENDVDYGFNQYKPTNEDCMKWLDTKEANSVVYIAFGSVARLSVEQMAEIAKALDHSSKSFIWVVRETEKEKLPVDLVEKISGQGMVVPWAPQLEVLAHDAVGCFVSHCGWNSTIEALSFGVPILAMPQFLDQLVDAHFVDRVWGVGIAPTVDENDLVTQEEISRCLDEMMGGGPEGEKIKKNVAMWKELTKEALDKGGSSDKHIDEIIEWLSSS","------MSNNENNATQVIVLPYHGQGHMNTMVQFAKRLAWK--GVHVTIATTFNTIQQMKLNIS--------SYNSITLEPIYDDTD--DS--TLHIKDRMARFEAEAA-------SNLTRVLEAKKQQQALNKKCLLVYHGSLNWALVVAHQQNVAGAAFFTAASASFACYYYLHLESQGKGVDLEE--------LPSILPPPKVIV----QKLPKS-FLAYGDNNSHNNNNNNNNNNNNNNMGLHPLVLWLLKDY-GNSVKADFVLLNSFDKLEE-EAIKWIS-N--ICSVKTIGPTIPSTY--LDK----QIENDVDYGFNQYKPTNEDCMKWLDTKEANSVVYIAFGSVA-RLSVEQMAEIAKALDHSSKSFIWVVRETEKE--------------KLP-VDLVEKIS--GQGMVV-PWAPQLEVLAHDAVGCFVSHCGWNSTIEALSFGVPILAMPQFLDQLVDAHFVDRVWGVGIAPTVDEN----------DLVTQEEISRCLDEMMGG--GPEGEKIKKNVAMWKELTKEALDKGGSSDKHIDEIIEWLSSS-------------"
"UGTPg100","Panax ginseng","dammarane glucosyltransferas","KP795113","Wei et al., Mol Plant, 2015,","KP795113","2.4.1.-","A0A0K0PVW1","A0A0K0PVW1_PANGI","transferase activity, transferring hexosyl groups [GO:0016758]; metabolic process [GO:0008152]","GO:0008152; GO:0016758","Panax ginseng (Korean ginseng)",4054.0,"Glycosyltransferase (EC 2.4.1.-)","MKSELIFLPVPAFGHLVGMVEMAKLFISRHENLSVTVLISKFFIDTGIDNYNKSLLAKPTPRLTIINLPEIDPQKYLLKPRCAIFPSLIENQKTHVRDVMSRMTQSESTRVVGLLADILFVDIFDIADEFNVPTYVYSPAGAGFLGLAFHLQTLNDDKKQDVTEFRNSDTELLVPSFANPVPAEFLPSIFLEKDGRHDVLLSLYWRCREAKGIIVNTFEELEPYAINSLRMDSMIPPIYPVGPILNLNGEGQNSDEAAVILGWLDDQPPSSVVFLCFGSFGSFPENQVKEIAMGLERSGHRFLWSLRPCISEGETTLQLKYSNLELPAGFLDRTSCVGKVIGWAPQMAILAHEAVGGFVSHCGWNSVLESVWYGMPVATWPMYGEQQLNAFEMVKELGLAVEIEVDYRNEYNKSDFIVKADEIETKIKKLMMDGKNSKIRKKVKEMKEKSRVAMSENGSSYTSLAKLFEEIM","------------MKSELIFLPVPAFGHLVGMVEMAKLFISRHENLSVTVLISKFFIDTGIDNYNKSLL-AKPTPRLTIINLPEIDPQKY--LLKPRCAIFPSLIEN--------QKTHVRDVMSRMT-QSESTRVVGLLADILFVDIFDIADEFNVPTYVYSPAGAGFLGLAFHLQTLNDDKKQDVTE----FRNSDTELLVPSFANP----VP--AEFLPSIFL---------------EKDGRH-DVLLSLY----WRCREAKGIIVNTFEELEPYAINSL-RMDSMIPPIYPVGPILNLNGEGQN------------------SDEAAVILGWLDDQPPSSVVFLCFGSFG-SFPENQVKEIAMGLERSGHRFLWSLRPCISEGETTLQLKYSNLE--LP-AGFLDRTSC--VGKVI-GWAPQMAILAHEAVGGFVSHCGWNSVLESVWYGMPVATWPMYGEQQLNAFEMVKELGLAVEIEVDYRNEYNK---SDFIVKADEIETKIKKLMMD---GKNSKIRKKVKEMKEKSRVAMSENGSSYTSLAKLFEEIM---------------"
"UGTPg101","Panax ginseng","dammarane glucosyltransferas","KP795114","Wei et al., Mol Plant, 2015,","KP795114","2.4.1.-","A0A0K0PVM5","A0A0K0PVM5_PANGI","transferase activity, transferring hexosyl groups [GO:0016758]; metabolic process [GO:0008152]","GO:0008152; GO:0016758","Panax ginseng (Korean ginseng)",4054.0,"Glycosyltransferase (EC 2.4.1.-)","MKSELIFLPAPAIGHLVGMVEMAKLFISRHENLSVTVLIAKFYMDTGVDNYNKSLLTNPTPRLTIVNLPETDPQNYMLKPRHAIFPSVIETQKTHVRDIISGMTQSESTRVVGLLADLLFINIMDIANEFNVPTYVYSPAGAGHLGLAFHLQTLNDKKQDVTEFRNSDTELLVPSFANPVPAEVLPSMYVDKEGGYDYLFSLFRRCRESKAIIINTFEELEPYAINSLRMDSMIPPIYPVGPILNLNGDGQNSDEAAVILGWLDDQPPSSVVFLCFGSYGTFQENQVKEIAMGLERSGHRFLWSLRPSIPKGETKLQLKYSNLEEILPVGFLDRTSCVGKVIGWAPQVAVLGHEAVGGFLSHCGWNSTLESVWCGVPVATWPMYGEQQLNAFEMVKELGIAVEIEVDYKNEYFNMNNDFIVRAEEIETKIKKLMMDEKNSEIRKKVKEMKEKSRLAMSENGSSYNSLAKLFEEIM","------------MKSELIFLPAPAIGHLVGMVEMAKLFISRHENLSVTVLIAKFYMDTGVDNYNKSLL-TNPTPRLTIVNLPETDPQNY--MLKPRHAIFPSVIET--------QKTHVRDIISGMT-QSESTRVVGLLADLLFINIMDIANEFNVPTYVYSPAGAGHLGLAFHLQTLND-KKQDVTE----FRNSDTELLVPSFANP----VP--AEVLPSMYV---------------DKEGGY-DYLFSLF----RRCRESKAIIINTFEELEPYAINSL-RMDSMIPPIYPVGPILNLNGDGQN------------------SDEAAVILGWLDDQPPSSVVFLCFGSYG-TFQENQVKEIAMGLERSGHRFLWSLRPSIPKGETKLQLKYSNLEEILP-VGFLDRTSC--VGKVI-GWAPQVAVLGHEAVGGFLSHCGWNSTLESVWCGVPVATWPMYGEQQLNAFEMVKELGIAVEIEVDYKNEYFNMN-NDFIVRAEEIETKIKKLMMD---EKNSEIRKKVKEMKEKSRLAMSENGSSYNSLAKLFEEIM---------------"
