Entry	Entry name	Protein names	Organism	Organism ID	EC number	Gene ontology (GO)	Gene ontology IDs	Cross-reference (EMBL)	Sequence
A0A1K1VY85	A0A1K1VY85_PARPN	23S rRNA m(5)U-1939 methyltransferase	Paracoccus pantotrophus (Thiosphaera pantotropha)	82367		RNA methyltransferase activity [GO:0008173]; RNA processing [GO:0006396]	GO:0006396; GO:0008173	FPKI01000002;	MTLWTVERLGRKGDGVAISGDRRALAALVLPGEQIEGEAEAGRIAAPRIVTPSAERVRPPCQHYRACGGCSLMHGSDDFVKAWKVGVVAEALRAQGLSAPVAGVHVSPPRSRRRAVLSGRRTKKGALVGFHARASDVIVDIADCHVLRPAIQSALPLLRQLVTAGASRSAELSLTVTETPAGLDLAVSGGKPMEPALFQALAALADQGDLARQGWDGQAITRRPPALAMGRARVVPPPGGFLQATAEGEAALLAAVRGMVGNAGRVLDLFAGCGTFSLPLAETAEVHAVEGLAAPLQALDAAARQAPGLRRITTEIRDLARRPLMPDELTYDAIVIDPPRTGAEAQAREIARAQVPRLAWVSCDPVTFARDARILAEGGYGLCRLFVVDQFRWSPHVETVAEFRRR
A0A1I5B741	A0A1I5B741_PARPN	23S rRNA m(5)U-1939 methyltransferase	Paracoccus pantotrophus (Thiosphaera pantotropha)	82367		RNA methyltransferase activity [GO:0008173]; RNA processing [GO:0006396]	GO:0006396; GO:0008173	FOWA01000001;	MTTWTVERLGRKGDGVAIAGESRALAALTLPGEVIEGEAEAGRIASPRIVTPAPERVRPPCPHYRACGGCSLMHGSDDFVKAWKVGVVTEALRAQGLCAPIAGVHVSPPRSRRRAVLSGRRTKKGALVGFHARASEVIVDIADCHVLRPRIQSALPLLRRLVVAGASRSGELSLTVTETPAGLDLAVTGGKPMQPALLQALAALADEGDLARLSWDGQPITRRPPALAMGRARVVPPPGSFLQATAEGEAALLAAVRSMVGGAGRVLDLFAGCGTFSLPLAETAEVHAVEGLAAPLQALDAAARQAPGLRRITTEVRDLARRPLLPDELGYDAIVIDPPRAGAEAQAHEIARAQVPMLAWVSCDPVTFARDARILAEGGYAIERLFVVDQFRWSPHVETVAEIRRR
D4Q9Z4	SGT2_SOYBN	Soyasapogenol B glucuronide galactosyltransferase (EC 2.4.1.272) (Soyasaponin glycosyltransferase 2) (UDP-galactose:SBMG-galactosyltransferase)	Glycine max (Soybean) (Glycine hispida)	3847	2.4.1.272	intracellular membrane-bounded organelle [GO:0043231]; quercetin 3-O-glucosyltransferase activity [GO:0080043]; quercetin 7-O-glucosyltransferase activity [GO:0080044]; soyasapogenol B glucuronide galactosyltransferase activity [GO:0102240]; metabolic process [GO:0008152]	GO:0008152; GO:0043231; GO:0080043; GO:0080044; GO:0102240	AB473730;	MEKKKGELKSIFLPFLSTSHIIPLVDMARLFALHDVDVTIITTAHNATVFQKSIDLDASRGRPIRTHVVNFPAAQVGLPVGIEAFNVDTPREMTPRIYMGLSLLQQVFEKLFHDLQPDFIVTDMFHPWSVDAAAKLGIPRIMFHGASYLARSAAHSVEQYAPHLEAKFDTDKFVLPGLPDNLEMTRLQLPDWLRSPNQYTELMRTIKQSEKKSYGSLFNSFYDLESAYYEHYKSIMGTKSWGIGPVSLWANQDAQDKAARGYAKEEEEKEGWLKWLNSKAESSVLYVSFGSINKFPYSQLVEIARALEDSGHDFIWVVRKNDGGEGDNFLEEFEKRMKESNKGYLIWGWAPQLLILENPAIGGLVTHCGWNTVVESVNAGLPMATWPLFAEHFFNEKLVVDVLKIGVPVGAKEWRNWNEFGSEVVKREEIGNAIASLMSEEEEDGGMRKRAKELSVAAKSAIKVGGSSHNNMKELIRELKEIKLSKEAQETAPNP
D4Q9Z5	SGT3_SOYBN	Soyasaponin III rhamnosyltransferase (EC 2.4.1.273) (Soyasaponin glycosyltransferase 3) (UDP-rhamnose:soyasaponin III-rhamnosyltransferase)	Glycine max (Soybean) (Glycine hispida)	3847	2.4.1.273	intracellular membrane-bounded organelle [GO:0043231]; quercetin 3-O-glucosyltransferase activity [GO:0080043]; quercetin 7-O-glucosyltransferase activity [GO:0080044]; soyasaponin III rhamnosyltransferase activity [GO:0102241]; metabolic process [GO:0008152]	GO:0008152; GO:0043231; GO:0080043; GO:0080044; GO:0102241	AB473731;	MDSVALNGKSNDKPLHVAMLPWLAMGHIYPYFEVAKILAQKGHFVTFINSPKNIDRMPKTPKHLEPFIKLVKLPLPKIEHLPEGAESTMDIPSKKNCFLKKAYEGLQYAVSKLLKTSNPDWVLYDFAAAWVIPIAKSYNIPCAHYNITPAFNKVFFDPPKDKMKDYSLASICGPPTWLPFTTTIHIRPYEFLRAYEGTKDEETGERASFDLNKAYSSCDLFLLRTSRELEGDWLDYLAGNYKVPVVPVGLLPPSMQIRDVEEEDNNPDWVRIKDWLDTQESSSVVYIGFGSELKLSQEDLTELAHGIELSNLPFFWALKNLKEGVLELPEGFEERTKERGIVWKTWAPQLKILAHGAIGGCMSHCGSGSVIEKVHFGHVLVTLPYLLDQCLFSRVLEEKQVAVEVPRSEKDGSFTRVDVAKTLRFAIVDEEGSALRENAKEMGKVFSSEELHNKYIQDFIDALQKYRIPSAS
Q2Q479	Q2Q479_SOLTU	Glycosyltransferase (EC 2.4.1.-)	Solanum tuberosum (Potato)	4113	2.4.1.-	transferase activity, transferring hexosyl groups [GO:0016758]; metabolic process [GO:0008152]	GO:0008152; GO:0016758	DQ218276;	MDNGSKQLHVLFLPYFATGHIIPLVNAARLFASRDGVKVTILTTHHNASLFRSSIDNSLISIVTLKFPSTEVGLPEGIENFSSASSTEIAGKVFGGTYLLQKPMEDKIREIHPDCIFSDMYFPWTVDIALELKIPRLLFNQSSYMYNSILYNLRLYKPHEKLINQMEYSKSTNFSVPDLPDKIEFKLSQLTDDLVRPADERNAFDELLDRTRESEDLSYGIVHDTFYELEPAYADYYQKMKKTKCWQIGPISYFSSKLSPRKELINSSDESNSSAVVVEWLNKHKHKSVLYVSFGSTIRFPEEQLAEIAKALEASTVPFIWVVNKDQLAKTTWLPESLFDEKKCLIIKGWAPQLSILDHSAVGGFMTHCGWNSVLEAIIAGVPLVTWPVFAEQFYNEKLVEVMGLGVKVGAEVYNTNGGAEISTPVLRSEKIKEAIERLMESQKIREKAVSMSKMAKNAVEEGGSSSNNLTALIDDIKNFTSSSLKIMD
P93789	P93789_SOLTU	Glycosyltransferase (EC 2.4.1.-)	Solanum tuberosum (Potato)	4113	2.4.1.-	transferase activity, transferring hexosyl groups [GO:0016758]; metabolic process [GO:0008152]	GO:0008152; GO:0016758	U82367;	MVATCNNGEILHVLFLPFLSAGHFIPLVNAARLFASRGVKATILTTPHNALLFRSTIDDDVRISGFPISIVTIKFPSAEVGLPEGIESFNSATSPEMPHKIFYALSLLQKPMEDKIRELRPDCIFSDMYFPWTVDIADELHIPRILYNLSAYMCYSIMHNLKVYRPHKQPNLDESQSFVVPGLPDEIKFKLSQLTDDLRKSDDQKTVFDELLEQVEDSEERSYGIVHDTFYELEPAYVDYYQKLKKPKCWHFGPLSHFASKIRSKELISEHNNNEIVIDWLNAQKPKSVLYVSFGSMARFPESQLNEIAQALDASNVPFIFVLRPNEETASWLPVGNLEDKTKKGLYIKGWVPQLTIMEHSATGGFMTHCGTNSVLEAITFGVPMITWPLYADQFYNEKVVEVRGLGIKIGIDVWNEGIEITGPVIESAKIREAIERLMISNGSEEIINIRDRVMAMSKMAQNATNEGGSSWNNLTALIQHIKNYNLN
Q2I6N7	Q2I6N7_SOLTU	Glycosyltransferase (EC 2.4.1.-)	Solanum tuberosum (Potato)	4113	2.4.1.-	transferase activity, transferring hexosyl groups [GO:0016758]; metabolic process [GO:0008152]	GO:0008152; GO:0016758	DQ266437;	MAMEQNEETAMPHVVFIPYAMTSHITPLVHIARLFALHGLKVTIIAPQHNALLFQSSVDRDRLFSGSNITVRTIQFPSEEVGLPVGIENFIASPSMEIVGKVHYGFILLQKIMEQLIREINPNCIVSDMFFPWTVDLAEEMQIPRFSFQPATSIHQCAWVFIREFKPYKNVASDAEKFLIPGLPLDIKMKVSEIEDFLKEETEYTKTVDDVLQAEVRSHGIIHNTCSELEPGVAQLYEKARGVKGWHIGPLALFINKYEAEISSKQISNSNINSCSDPWKGYGDCFNWLENQQPNSVLFVCFGSMIRFSDDQLKEMAVGLKAANCPTIWVFREQDKNEVDEKDEHSDWSRNGFKEMIGEKMFIIQGWAPQQLILKHQAIGGFLTHCGWNSILESLAVGVPLITWPLFSDNFYTDKLLETLGLAIGIGADVWNPGFILSCPPLSGEKIELAVKRLMNNSEESRKIRENAKLMAKKLKSATEEGGSSHSQLIGLIEEIKRCAFKKSS
K4GKX2	K4GKX2_BARVU	Glycosyltransferase (EC 2.4.1.-)	Barbarea vulgaris subsp. arcuata	767412	2.4.1.-	transferase activity, transferring hexosyl groups [GO:0016758]; metabolic process [GO:0008152]	GO:0008152; GO:0016758	JQ291613;	MVSEITHKSYPLHFVLFPFMAQGHMIPMVDIARLLAQRGVKITIVTTPHNAARFENVLSRAIESGLPISIVQVKLPSQEAGLPEGNETFDSLVSTKLLVPFFKAVNMLEEPVQKLFEEMSPQPSCIISDFCLPYTSKIAKKFNIPKILFHGMCCFCLLCMHVLRKNREILENLKSDKEHFVVPYFPDRVEFTRPQVPLATYVPGEWHEIKEDMVEADKTSYGVIVNTYQELEPAYANGYKEARSGKAWTIGPVSLCNKVGADKAERGNKADIDQDECLKWLDSKEEGSVLYVCLGSICSLPLSQLKELGLGLEESQRPFIWVVRGWEKNKELLEWFSESGFEERVKDRGLLIKGWSPQMLILAHHSVGGFLTHCGWNSTLEGITSGVPLLTWPLFGDQFCNQKLVVQVLKVGVSAGVEEVTNWGEEEKIGVLVDKEGVKKAVEELMGESDDAKEIRKRVKELGQLAHKAVEEGGSSHSNITSLLEDIMQLAQPNN
K4GHS2	K4GHS2_BARVU	Glycosyltransferase (EC 2.4.1.-)	Barbarea vulgaris subsp. arcuata	767412	2.4.1.-	transferase activity, transferring hexosyl groups [GO:0016758]; metabolic process [GO:0008152]	GO:0008152; GO:0016758	JQ291616;	MVSEITHKSYPLHFVLFPFMAQGHMIPMVDIARLLAQRGVKITIVTTPHNAARFENVLNRAIESGLPISIVQVKLPSQEAGLPEGNETFDSLVSMELLVPFFKSVNMLEEPVQKLFEEMSPQPSCIISDFCLPYTSKIAKKFNIPKILFHGMCCFCLLCMHVLRKNHEIVENLKSDKEHFVVPYFPDRVEFTRPQVPVATYVPGDWHEITGDMVEADKTSYGVIVNTCQELEPAYANDYKEARSGKAWTIGPVSLCNKVGADKAERGNKADIDQDECLKWLNSKEEGSVLYVCLGSICNLPLSQLKELGLGLEESQRPFIWVIRGWEKNKELLEWFSESGFEERIKDRGLLIKGWAPQMLILSHHSVGGFLTHCGWNSTLEGLTAGLPLLTWPLFADQFCNEKLAVQVLKAGVSAGVDQPMKWGEEEKIGVLVDKEGVKKAVEELMGESDDAKEIRRRAKELGELAHKAVEEGGSSHSNITSLLEDIMQLAQSNN
K4GGT4	K4GGT4_BARVU	Glycosyltransferase (EC 2.4.1.-)	Barbarea vulgaris subsp. arcuata	767412	2.4.1.-	transferase activity, transferring hexosyl groups [GO:0016758]; metabolic process [GO:0008152]	GO:0008152; GO:0016758	JQ291614;	MVSEITHKSYPLHFVLFPFMAQGHMIPMVDIARLLAQRGVKITIVTTPHNAARFENVLSRAIESGLPISIVQVKLPSQEAGLPEGNETFDSLVSMELLVPFFKAVNMLEEPVQKLFEEMSPQPSCIISDFCLPYTSKIAKKFNIPKILFHGMCCFCLLCMHVLRKNREILENLKSDKEHFVVPYFPDRVEFTRPQVPMATYVPGEWHEIKEDIVEADKTSYGVIVNTYQELEPAYANDYKEARSGKAWTIGPVSLCNKVGADKAERGNKADIDQDECLKWLDSKEEGSVLYVCLGSICSLPLSQLKELGLGLEESQRPFIWVVRGWEKNKELLEWFSESGFEERVKDRGLLIKGWSPQMLILAHHSVGGFLTHCGWNSTLEGITSGIPLLTWPLFGDQFCNQKLVVQVLKVGVSAGVEEVTNWGEEEKIGVLVDKEGVKKAVEELMGESDDAKERRKRVKELGQLAQKAVEEGGSSHSNITSLLEDIMQLAQSNN
K4GIP0	K4GIP0_BARVU	Glycosyltransferase (EC 2.4.1.-)	Barbarea vulgaris subsp. arcuata	767412	2.4.1.-	transferase activity, transferring hexosyl groups [GO:0016758]; metabolic process [GO:0008152]	GO:0008152; GO:0016758	JQ291615;	MVSEITHKSYPLHFVLFPFMAQGHMIPMVDIARLLAQRGVKITIVTTPHNAARFKNVLSRAIESGLPISIVQVKLPSQEAGLPEGNETLDSLVSMELMIHFLKAVNMLEEPVQKLFEEMSPQPSCIISDFCLPYTSKIAKKFNIPKILFHGMCCFCLLCMHILRKNREIVENLKSDKEHFVVPYFPDRVEFTRPQVPVATYVPGDWHEITEDMVEADKTSYGVIVNTYQELEPAYANDYKEARSGKAWTIGPVSLCNKVGADKAERGNKADIDQDECLKWLNSKEEGSVLYVCLGSICNLPLSQLKELGLGLEESQRPFIWVIRGWEKNKELHEWFSESGFEERIKDRGLLIKGWAPQMLILSHHSVGGFLTHCGWNSTLEGLTAGLPLLTWPLFADQFCNEKLAVQVLKAGVSAGVDQPMKWGEEEKIGVLVDKEGVKKAVEELMGESDDAKEIRRRAKELGELAHKAVEEGGSSHSNITSLLEDIMQLAQSNN
I7HBP1	I7HBP1_SOYBN	Glycosyltransferase (EC 2.4.1.-)	Glycine max (Soybean) (Glycine hispida)	3847	2.4.1.-	transferase activity, transferring hexosyl groups [GO:0016758]; metabolic process [GO:0008152]	GO:0008152; GO:0016758	AB628091;	MDLQQRPLKLHFIPYLSPGHVIPLCGIATLFASRGQHVTVITTPYYAQILRKSSPSLQLHVVDFPAKDVGLPDGVEIKSAVTDLADTAKFYQAAMLLRGPIAHFMDQHPPDCIVADTMYSWADDVANKLRIPRLAFNSYPLFAVSAMKSVISHPELHSDTGPFVIPDFPHRVTMPSRPPKMATAFMDHLLKIELKSHGLIVNSFAELDGEECIQHYEKSTGHKAWHLGPACLVGKRDQERGEKSVVSQNECLTWLDPKPTNSVVYVSFGSVCHFPDKQLYEIACALEQSGKPFIWIVPEKKGKEYENESEEEKEKWLPKGFEERNREKGMIVKGWAPQLLILAHPAVGGFLSHCGWNSSLEAVTAGVPMITWPVMADQFYNEKLITEVRGIGVEVGATEWRLVGYGEREKLVTRDTIETAIKRLMGGGDEAQNIRRRSEELAEKAKQSLQEGGSSHNRLTTLIADLMRLRDSKSAT
K4CEK6	K4CEK6_SOLLC	Uncharacterized protein	Solanum lycopersicum (Tomato) (Lycopersicon esculentum)	4081		intracellular membrane-bounded organelle [GO:0043231]; quercetin 3-O-glucosyltransferase activity [GO:0080043]; quercetin 7-O-glucosyltransferase activity [GO:0080044]; metabolic process [GO:0008152]	GO:0008152; GO:0043231; GO:0080043; GO:0080044		MDNKDDVAVVIAPLHLQSHLRQLLHFACRISSYGLPVYYLGLAASNREARQHSTTLNPCDIEKIHFHDLQIPNEDPPPDIPMHIWHASMRTREPIASFLGDISSKARRIVVVHDLLMSYNVQDISSYPNGESYVFHCLPIFDMYCSHYAPAAGFPIPLEEALLKRLPSNDGCYNPEDVEHHAKYLNHCMGKNAGDIFNTSQVIDGTAIVDSMANLATMQNKKLWALGPILLTQDHDKVQTKHFCLDWLNKQPPKSVIYVSFGTSTSFSAEQIKELAIGLELSKQKFIWVLRNADVGDPVNNKCEENRSGTLELPEGFEERVKGVGLVVREWAPQQEIFAHPSTGGFMSHCGWTSCLESIIEGVPIAAWPIQFDQPKNAFLVAEVLKIGLHVREWEQRNELVTASTVQNIVCKLMASEEGDMIRKRAQELRTAVKRSTEEGGVSRMELDSFIAHITR
K4CEK8	K4CEK8_SOLLC	Glycosyltransferase (EC 2.4.1.-)	Solanum lycopersicum (Tomato) (Lycopersicon esculentum)	4081	2.4.1.-	intracellular membrane-bounded organelle [GO:0043231]; quercetin 3-O-glucosyltransferase activity [GO:0080043]; quercetin 7-O-glucosyltransferase activity [GO:0080044]; metabolic process [GO:0008152]	GO:0008152; GO:0043231; GO:0080043; GO:0080044		MGNMRIVMLPYLAYGHITPFLELAKKLSNRGFSIHICSSPINLSFIKAKIPEKYSSSIHLVELHLPNLPELPPHHHTTNGLPNHLKQTLFKTLKMTKPQLHQILSDLKPDFFIYDIMLLWSAVVASSLNIPSLRFYTVNAAIFSYFFHFYFNPGEEFPFPALYMRDYELAKMTHEVADDAEVEVDRDKVTESDKFVLVHSTKSIDGKYMDYLCGTGQAKVVPIGTESPEDGVGDVDKIDIELVKWLEKKTEHSTVYVSFGSEYFLSKEEMEEVAYGLEVSGVDFIWVVRYQKGEQLELPQGFKERIGDRGRIIEGWAPQQRILKHSSIGGFVTHCGWNSTLESIEFGVPIIAMPMLYDQPLNARLMVENGVAVEVPRDEKGNLDRVNIAEKIKHVIRDETGENLRKKMNNLGENVRSQREEEMDGVVKVIQLLIDEKKGTL
A0A191UPY1	A0A191UPY1_GLYUR	Glycosyltransferase (EC 2.4.1.-)	Glycyrrhiza uralensis (Chinese licorice) (Glycyrrhiza shiheziensis)	74613	2.4.1.-	transferase activity, transferring hexosyl groups [GO:0016758]; metabolic process [GO:0008152]	GO:0008152; GO:0016758	KT759000;	MTMGNENRELHIIFFPFLANGHIIPCVDLARVFAARGIRATIVTTHLNVPYISRTIGKANINIRTIKFPSTEDSGLPEGCENTESALAPDKFIKFMKATLLLRDPLEHVLQEEQPHCLVADMFFPWATDSAAKFGIPRIVFHGLGYFPLCVLACTRQYKPQDKVSSYTEPFVVPNLPGEITLTKMQLPQLPQHDKVFTQLLEESNESELKSFGVIVNSFYELEPVYADHYRNELGRRAWHLGPVSLCSRDTEEKSRRGREAAIDENECLKWLQSKEPNSVVYVCFGSMMVFSDAQLKEIAMGLEASGKPFIWVVKKGGAKSEGEKLEWLPEGFEERMGESNKGLIIRGWAPQVMILDHGAVGGFVTHCGWNSTLEGVCAGVPMVTWPMYGEQFYNAKFLTDIVKIGVGVGVQTWIGMGGGEPVKKEVIEQAVRRIMVGQEAEEMRNRAKELSQMAKRAVEEGGSSHNDFNSLIEDLRSRAH
A0A0A6ZFY4	A0A0A6ZFY4_PANGI	Glycosyltransferase (EC 2.4.1.-)	Panax ginseng (Korean ginseng)	4054	2.4.1.-	transferase activity, transferring hexosyl groups [GO:0016758]; metabolic process [GO:0008152]	GO:0008152; GO:0016758	JX898530;	MDNQNGRISIALLPFLAHGHISPFFELAKQLAKRNCNVFLCSTPINLSSIKDKDSSASIKLVELHLPSSPDLPPHYHTTNGLPSHLMLPLRNAFETAGPTFSEILKTLNPDLLIYDFNPSWAPEIASSHNIPAVYFLTTAAASSSIGLHAFKNPGEKYPFPDFYDNSNITPEPPSADNMKLLHDFIACFERSCDIILIKSFRELEGKYIDLLSTLSDKTLVPVGPLVQDPMGHNEDPKTEQIINWLDKRAESTVVFVCFGSEYFLSNEELEEVAIGLEISTVNFIWAVRLIEGEKKGILPEGFVQRVGDRGLVVEGWAPQARILGHSSTGGFVSHCGWSSIAESMKFGVPVIAMARHLDQPLNGKLAAEVGVGMEVVRDENGKYKREGIAEVIRKVVVEKSGEVIRRKARELSEKMKEKGEQEIDRALEELVQICKKKKDEQ
A0A0A6ZFR4	A0A0A6ZFR4_PANGI	UDP-glucosyltransferase 74A1	Panax ginseng (Korean ginseng)	4054		transferase activity, transferring hexosyl groups [GO:0016758]; metabolic process [GO:0008152]	GO:0008152; GO:0016758	JX898529;	MLSKTHIMFIPFPAQGHMSPMMQFAKRLAWKGVRITIVLPAQIRDSMQITNSLINTECISFDFDKDDGMPYSMQAYMGVVKLKVTNKLSDLLEKQKTNGYPVNLLVVDSLYPSRVEMCHQLGVKGAPFFTHSCAVGAIYYNAHLGKLKIPPEEGLTSVSLPSIPLLGRDDLPIIRTGTFPDLFEHLGNQFSDLDKADWIFFNTFDKLENEEAKWLSSQWPITSIGPLIPSMYLDKQLPNDKGNGINLYKADVGSCIKWLDAKDPGSVVYASFGSVKHNFGDDYMDEVAWGLLHSKYNFIWVVIEPERTKLSSDFLAEAEEKGLIVSWCPQLEVLSHKSIGSFMTHCGWNSTVEALSLGVPMVAVPQQFDQPVNAKYIVDVWQIGVRVPIGEDGVVLRGEVANCIKDVMEGEIGDELRGNALKWKGLAVEAMEKGGSSDKNIDEFISKLVSS
A0A0K0PVW1	A0A0K0PVW1_PANGI	Glycosyltransferase (EC 2.4.1.-)	Panax ginseng (Korean ginseng)	4054	2.4.1.-	transferase activity, transferring hexosyl groups [GO:0016758]; metabolic process [GO:0008152]	GO:0008152; GO:0016758	KP795113;	MKSELIFLPVPAFGHLVGMVEMAKLFISRHENLSVTVLISKFFIDTGIDNYNKSLLAKPTPRLTIINLPEIDPQKYLLKPRCAIFPSLIENQKTHVRDVMSRMTQSESTRVVGLLADILFVDIFDIADEFNVPTYVYSPAGAGFLGLAFHLQTLNDDKKQDVTEFRNSDTELLVPSFANPVPAEFLPSIFLEKDGRHDVLLSLYWRCREAKGIIVNTFEELEPYAINSLRMDSMIPPIYPVGPILNLNGEGQNSDEAAVILGWLDDQPPSSVVFLCFGSFGSFPENQVKEIAMGLERSGHRFLWSLRPCISEGETTLQLKYSNLELPAGFLDRTSCVGKVIGWAPQMAILAHEAVGGFVSHCGWNSVLESVWYGMPVATWPMYGEQQLNAFEMVKELGLAVEIEVDYRNEYNKSDFIVKADEIETKIKKLMMDGKNSKIRKKVKEMKEKSRVAMSENGSSYTSLAKLFEEIM
A0A0K0PVM5	A0A0K0PVM5_PANGI	Glycosyltransferase (EC 2.4.1.-)	Panax ginseng (Korean ginseng)	4054	2.4.1.-	transferase activity, transferring hexosyl groups [GO:0016758]; metabolic process [GO:0008152]	GO:0008152; GO:0016758	KP795114;	MKSELIFLPAPAIGHLVGMVEMAKLFISRHENLSVTVLIAKFYMDTGVDNYNKSLLTNPTPRLTIVNLPETDPQNYMLKPRHAIFPSVIETQKTHVRDIISGMTQSESTRVVGLLADLLFINIMDIANEFNVPTYVYSPAGAGHLGLAFHLQTLNDKKQDVTEFRNSDTELLVPSFANPVPAEVLPSMYVDKEGGYDYLFSLFRRCRESKAIIINTFEELEPYAINSLRMDSMIPPIYPVGPILNLNGDGQNSDEAAVILGWLDDQPPSSVVFLCFGSYGTFQENQVKEIAMGLERSGHRFLWSLRPSIPKGETKLQLKYSNLEEILPVGFLDRTSCVGKVIGWAPQVAVLGHEAVGGFLSHCGWNSTLESVWCGVPVATWPMYGEQQLNAFEMVKELGIAVEIEVDYKNEYFNMNNDFIVRAEEIETKIKKLMMDEKNSEIRKKVKEMKEKSRLAMSENGSSYNSLAKLFEEIM
A0A0A7HB61	A0A0A7HB61_PANGI	UDP-glycosyltransferase	Panax ginseng (Korean ginseng)	4054		transferase activity, transferring hexosyl groups [GO:0016758]; metabolic process [GO:0008152]	GO:0008152; GO:0016758	KM491309;	MKSELIFLPAPAIGHLVGMVEMAKLFISRHENLSVTVLIAKFYMDTGVDNYNKSLLTNPTPRLTIVNLPETDPQNYMLKPRHAIFPSVIETQKTHVRDIISGMTQSESTRVVGLLADLLFINIMDIANEFNVPTYVYSPAGAGHLGLAFHLQTLNDKKQDVTEFRNSDTELLVPSFANPVPAEVLPSMYVDKEGGYDYLFSLFRRCRESKAIIINTFEELEPYAINSLRMDSMIPPIYPVGPILNLNGDGQNSDEAAVILGWLDDQPPSSVVFLCFGSYGSFQENQVKEIAMGLERSGHRFLWSLRPSIPKGETKLQLKYSNLKEILPVGFLDRTSCVGKVIGWAPQVAVLAHKAVGGFVSHCGWNSILESVWYDMSVATWPMYGEQQLNAFEMVKELGLAVEIEVDYRNEYNKTGFIVRADEIETKIKKLMMDEKNSEIRKKVKEMKEKSRVAMSENGSSYTSLAKLFEKIM
Q5H861	Q5H861_SOLAA	Glycosyltransferase (EC 2.4.1.-)	Solanum aculeatissimum (Dutch eggplant) (Solanum khasianum)	267265	2.4.1.-	transferase activity, transferring hexosyl groups [GO:0016758]; metabolic process [GO:0008152]	GO:0008152; GO:0016758	AB182385;	MDNGSNQLHVLFLPYFATGHIIPLVNAARLFVFHAGVKVTILTTHHNASLFRSTIDNDVEDGHSVISIHTLRFPSTEVGLPEGIENFSSASSPELAGKVFYAIYLLQKPMEDKIREIHPDCIFSDMYLPWTVNIALELKIPRLLFNQSSYMYNSILYNLRLYKPHKSKTITSTDSISVPGLPDKIEFKLSQLTDDLIKPEDEKNAFDELLDRTRESEDRSYGIVHDTFYELEPAYADYYQKVKKTKCWQIGPISHFSSKLFRRKELINAVDESNSCAIVEWLNEQEHKSVLYVSFGSVVRFPEAQLTEIAKALEASSIPFIWVVKKDQSAETTCLLEEEKLKNKGLIIRGWAPQLTILDHSAVGGFMTHCGWNSILEAIIAGVPLVTWPVFAEQFYNEKLVEVMGLGVKVGAEVHESNGGVEISSLVIESEKIKEAIEKLMDDSKESQKIREKVIGMSEMAKNAVEEGGSSWNNLTALIDDIKNFTSTTNV
K7NBW3	K7NBW3_SIRGR	Glycosyltransferase (EC 2.4.1.-)	Siraitia grosvenorii (Monk's fruit) (Luo han guo)	190515	2.4.1.-	transferase activity, transferring hexosyl groups [GO:0016758]; metabolic process [GO:0008152]	GO:0008152; GO:0016758	HQ259620;	MEKGDTHILVFPFPSQGHINPLLQLSKRLIAKGIKVSLVTTLHVSNHLQLQGAYSNSVKIEVISDGSEDRLETDTMRQTLDRFRQKMTKNLEDFLQKAMVSSNPPKFILYDSTMPWVLEVAKEFGLDRAPFYTQSCALNSINYHVLHGQLKLPPETPTISLPSMPLLRPSDLPAYDFDPASTDTIIDLLTSQYSNIQDANLLFCNTFDKLEGEIIQWMETLGRPVKTVGPTVPSAYLDKRVENDKHYGLSLFKPNEDVCLKWLDSKPSGSVLYVSYGSLVEMGEEQLKELALGIKETGKFFLWVVRDTEAEKLPPNFVESVAEKGLVVSWCSQLEVLAHPSVGCFFTHCGWNSTLEALCLGVPVVAFPQWADQVTNAKFLEDVWKVGKRVKRNEQRLASKEEVRSCIWEVMEGERASEFKSNSMEWKKWAKEAVDEGGSSDKNIEEFVAMLKQT
E5L3R8	E5L3R8_SOLLC	Glycoalkaloid metabolism 1	Solanum lycopersicum (Tomato) (Lycopersicon esculentum)	4081		transferase activity, transferring hexosyl groups [GO:0016758]; metabolic process [GO:0008152]	GO:0008152; GO:0016758	HQ293016;	MAGENLHVLFLPFLSAGHFIPLVNAARLFASRGVKATILTTPHNALLFRSTIEDDVRISGFPISIVTIKFPSAEVGLPEGIESFNSATSPEMPHKVFYALYLLQKPMEDKIRELHPDCIFSDMYYPWTVDLAEELHIPRILYNLSAYMCYSIMHNLKLYRPHKQPDLDESQSFVVPGLPDEIKFKLSQLTEDLRKPEDQKSVFDELLEKVRVSEERSYGIVHDTFYELEPAYINYYQKLKKPKWWHFGPLSHFASKIRSKELITEHNNNDIVVDWLNAQKPKSVLYVSFGSMARFPENQLNEIAQALHASNVPFIFVLRPNEETASWLPVGNFEDKTKKGLFIVGWVPQLTIMEHPATGGFMTHCGTNSVLEANTFGVPMITWPLYADQFYNEKVVEVNGLGIKIGIDVWNDGIEITGPVIGSAKIREAIERLMSSNDSEEIMNIRDRVMAMSKMAQDATDEGGSSWNNLTALIQHIKNFNLN
A3E7Y9	A3E7Y9_9CARY	Glycosyltransferase (EC 2.4.1.-)	Gypsophila vaccaria	39387	2.4.1.-	transferase activity, transferring hexosyl groups [GO:0016758]; metabolic process [GO:0008152]	GO:0008152; GO:0016758	DQ915168;	MSNNENNATQVIVLPYHGQGHMNTMVQFAKRLAWKGVHVTIATTFNTIQQMKLNISSYNSITLEPIYDDTDDSTLHIKDRMARFEAEAASNLTRVLEAKKQQQALNKKCLLVYHGSLNWALVVAHQQNVAGAAFFTAASASFACYYYLHLESQGKGVDLEELPSILPPPKVIVQKLPKSFLAYGDNNSHNNNNNNNNNNNNNNMGLHPLVLWLLKDYGNSVKADFVLLNSFDKLEEEAIKWISNICSVKTIGPTIPSTYLDKQIENDVDYGFNQYKPTNEDCMKWLDTKEANSVVYIAFGSVARLSVEQMAEIAKALDHSSKSFIWVVRETEKEKLPVDLVEKISGQGMVVPWAPQLEVLAHDAVGCFVSHCGWNSTIEALSFGVPILAMPQFLDQLVDAHFVDRVWGVGIAPTVDENDLVTQEEISRCLDEMMGGGPEGEKIKKNVAMWKELTKEALDKGGSSDKHIDEIIEWLSSS
Q5IFH8	Q5IFH8_MEDTR	Glycosyltransferase (EC 2.4.1.-)	Medicago truncatula (Barrel medic) (Medicago tribuloides)	3880	2.4.1.-	transferase activity, transferring hexosyl groups [GO:0016758]; metabolic process [GO:0008152]	GO:0008152; GO:0016758	AY747626;CM001220;BT136149;	MGTESKPLKIYMLPFFAQGHLIPLVNLARLVASKNQHVTIITTPSNAQLFDKTIEEEKAAGHHIRVHIIKFPSAQLGLPTGVENLFAASDNQTAGKIHMAAHFVKADIEEFMKENPPDVFISDIIFTWSESTAKNLQIPRLVFNPISIFDVCMIQAIQSHPESFVSDSGPYQIHGLPHPLTLPIKPSPGFARLTESLIEAENDSHGVIVNSFAELDEGYTEYYENLTGRKVWHVGPTSLMVEIPKKKKVVSTENDSSITKHQSLTWLDTKEPSSVLYISFGSLCRLSNEQLKEMANGIEASKHQFLWVVHGKEGEDEDNWLPKGFVERMKEEKKGMLIKGWVPQALILDHPSIGGFLTHCGWNATVEAISSGVPMVTMPGFGDQYYNEKLVTEVHRIGVEVGAAEWSMSPYDAKKTVVRAERIEKAVKKLMDSNGEGGEIRKRAKEMKEKAWKAVQEGGSSQNCLTKLVDYLHSVVVTKSVELN
Q5IFH7	Q5IFH7_MEDTR	Glycosyltransferase (EC 2.4.1.-)	Medicago truncatula (Barrel medic) (Medicago tribuloides)	3880	2.4.1.-	nucleotide binding [GO:0000166]; transferase activity, transferring hexosyl groups [GO:0016758]; metabolic process [GO:0008152]	GO:0000166; GO:0008152; GO:0016758	AY747627;CM001221;	MSMSDINKNSELIFIPAPGIGHLASALEFAKLLTNHDKNLYITVFCIKFPGMPFADSYIKSVLASQPQIQLIDLPEVEPPPQELLKSPEFYILTFLESLIPHVKATIKTILSNKVVGLVLDFFCVSMIDVGNEFGIPSYLFLTSNVGFLSLMLSLKNRQIEEVFDDSDRDHQLLNIPGISNQVPSNVLPDACFNKDGGYIAYYKLAERFRDTKGIIVNTFSDLEQSSIDALYDHDEKIPPIYAVGPLLDLKGQPNPKLDQAQHDLILKWLDEQPDKSVVFLCFGSMGVSFGPSQIREIALGLKHSGVRFLWSNSAEKKVFPEGFLEWMELEGKGMICGWAPQVEVLAHKAIGGFVSHCGWNSILESMWFGVPILTWPIYAEQQLNAFRLVKEWGVGLGLRVDYRKGSDVVAAEEIEKGLKDLMDKDSIVHKKVQEMKEMSRNAVVDGGSSLISVGKLIDDITGSN
D2D583	D2D583_MEDTR	Glycosyltransferase (EC 2.4.1.-)	Medicago truncatula (Barrel medic) (Medicago tribuloides)	3880	2.4.1.-	transferase activity, transferring hexosyl groups [GO:0016758]; metabolic process [GO:0008152]	GO:0008152; GO:0016758	FJ477891;CM001218;	MEGVEVEQPLKVYFIPFLASGHMIPLFDIATMFASRGQQVTVITTPANAKSLTKSLSSDAPSFLRLHTVDFPSQQVGLPEGIESMSSTTDPTTTWKIHTGAMLLKEPIGDFIENDPPDCIISDSTYPWVNDLADKFQIPNITFNGLCLFAVSLVETLKTNNLLKSQTDSDSDSSSFVVPNFPHHITLCGKPPKVIGIFMGMMLETVLKSKALIINNFSELDGEECIQHYEKATGHKVWHLGPTSLIRKTAQEKSERGNEGAVNVHESLSWLDSERVNSVLYICFGSINYFSDKQLYEMACAIEASGHPFIWVVPEKKGKEDESEEEKEKWLPKGFEERNIGKKGLIIRGWAPQVKILSHPAVGGFMTHCGGNSTVEAVSAGVPMITWPVHGDQFYNEKLITQFRGIGVEVGATEWCTSGVAERKKLVSRDSIEKAVRRLMDGGDEAENIRLRAREFGEKAIQAIQEGGSSYNNLLALIDELKRSRDLKRLRDLKLDD
E5L3S0	E5L3S0_SOLLC	Glycosyltransferase (EC 2.4.1.-)	Solanum lycopersicum (Tomato) (Lycopersicon esculentum)	4081	2.4.1.-	intracellular membrane-bounded organelle [GO:0043231]; quercetin 3-O-glucosyltransferase activity [GO:0080043]; quercetin 7-O-glucosyltransferase activity [GO:0080044]; metabolic process [GO:0008152]	GO:0008152; GO:0043231; GO:0080043; GO:0080044	HQ293018;	MAMEENEQSAIAHVVFIPYAMTSHITPLVHIARLLAFHGLKVTIIAPPHNALLFQSSVDRDCLFWGSNISVRTIQFPSEEIGLPVGIENFIASPSMEIVGKVHYGFLLLQKPMEQMIRELNPNCIISDMFFPWTVDLAEELQIPRFSFQPGTFVHQCAWVFIRELKPYENHVSFSIPGLPLDIQMKVSEIEDFLKGETEYRKTVEDVLQAEIRSHGIIHNTCSELEPGFAQLYEKARGVKGWHIGPVALFINNYEAENSCCDPWKGYGDCFDWLENQQSKSVLFVCFGSMIRFSDDQLKEMAVGLKAANCPTIWVFKEQDKNGFCSKRLKEMKGENMFIIEGWAPQVSILKHGAIGGFLTHCGWNSILESLSVGVPLITWPLFSDNFYTDKLLEKLGLAIGIGADVWNPGFILSCPSLSGEKIELAVKRLINNSEESRNIRENAKLMAKKLKVATEEGGSSHAQLMGLIHEIKRCALKKSSL
I1KN68	I1KN68_SOYBN	Glycosyltransferase (EC 2.4.1.-)	Glycine max (Soybean) (Glycine hispida)	3847	2.4.1.-	cytoplasm [GO:0005737]; intracellular membrane-bounded organelle [GO:0043231]; quercetin 3-O-glucosyltransferase activity [GO:0080043]; quercetin 7-O-glucosyltransferase activity [GO:0080044]; metabolic process [GO:0008152]	GO:0005737; GO:0008152; GO:0043231; GO:0080043; GO:0080044	AB628089;CM000840;	MDLQQRPLKLHFIPYLSPGHVIPLCGIATLFASRGQHVTVITTPYYAQILRKSSPSLQLHVVDFPAKDVGLPDGVEIKSAVTDLADTAKFYQAAMLLRRPISHFMDQHPPDCIVADTMYSWADDVANNLRIPRLAFNGYPLFSGAAMKCVISHPELHSDTGPFVIPDFPHRVTMPSRPPKMATAFMDHLLKIELKSHGLIVNSFAELDGEECIQHYEKSTGHKAWHLGPACLVGKRDQERGEKSVVSQNECLTWLDPKPTNSVVYVSFGSVCHFPDKQLYEIACALEQSGKSFIWIVPEKKGKEYENESEEEKEKWLPKGFEERNREKGMIVKGWAPQLLILAHPAVGGFLSHCGWNSSLEAVTAGVPMITWPVMADQFYNEKLITEVRGIGVEVGATEWRLVGYGEREKLVTRDTIETAIKRLMGGGDEAQNIRRRSEELAEKAKQSLQEGGSSHNRLTTLIADLMRLRDSKSAT
